datetime,plant,As_tot_in,As_diss_in,As_tot_out,As_tot_out_cens,As_diss_out,As_diss_out_cens,pH,hardness,cond,TDS,turbidity,DOC,DOC_cens,TOC,TOC_cens,algae,Ca_tot,Ca_diss,Mg_tot,Mg_diss,Mn_tot,Mn_diss,Mn_diss_cens,K_tot,K_diss,Na_tot,Na_diss,F,Cl,SO4,sulphide,sulphide_cens,alkalinity,Al_tot,Sb_tot,B,Fe_tot,Fe_diss,Fe_diss_cens,Li_tot,Mo_tot,Mo_tot_cens,nitrate_N,nitrite_N,nitrite_N_cens,NH4_N,NH4_N_cens,DRP,DRP_cens,TP,coagulant,temperature,year,month,season,As_removed_abs,As_removal_pct,As_LRV,meets_MAV,qa_exclude_multivar,qa_exclude_reason
2005-12-12 00:00:00,HCC,0.027,,0.004,False,,False,7.7,27.0,,,,0.7,False,4.3,False,,6.27,6.52,,2.53,0.0264,0.0023,False,,,,,,,,,False,39.0,0.032,0.0008,,0.16,0.07,False,,,False,,,False,,False,,False,,Aluminium Sulphate,,2005,12,Summer,0.023,85.18518518518518,0.829303772831025,1.0,False,
2006-01-18 00:00:00,HCC,0.029,,,False,,False,7.4,25.0,15.5,113.0,,1.2,False,2.3,False,,5.95,6.12,2.26,2.46,0.0308,0.0007,False,,3.39,,19.1,,17.9,8.6,0.002,False,36.0,0.038,0.0007,,0.21,0.08,False,0.0827,0.0004,False,0.148,0.003,False,0.0070710678118654745,True,,False,,Aluminium Sulphate,,2006,1,Summer,,,,,False,
2006-03-22 00:00:00,HCC,0.028,,,False,,False,7.5,28.0,,,,1.1,False,1.6,False,,6.28,6.52,2.67,2.85,0.0289,0.0007,False,,,,,,,,,False,38.0,0.051,0.0011,,0.17,0.05,False,,,False,,,False,,False,,False,,Aluminium Sulphate,,2006,3,Autumn,,,,,False,
2006-04-11 00:00:00,HCC,0.027,,0.003,False,,False,,27.0,16.5,127.0,,0.5,False,1.2,False,,6.7,6.42,2.77,2.76,0.0266,0.0021,False,3.63,,21.2,,,20.3,9.2,,False,37.0,0.066,0.0009,,0.23,0.09,False,,,False,,,False,,False,,False,,Aluminium Sulphate,,2006,4,Autumn,0.024,88.88888888888889,0.9542425094393249,1.0,False,
2006-05-24 00:00:00,HCC,0.023,,0.002,False,,False,7.2,27.0,,,,2.0,False,2.1,False,,6.44,6.48,,2.73,0.0176,0.0065,False,,,,,,,,,False,,0.256,0.0009,,0.2,0.09,False,,,False,,,False,,False,,False,,Aluminium Sulphate,,2006,5,Autumn,0.020999999999999998,91.30434782608694,1.0606978403536116,1.0,False,
2006-06-19 00:00:00,HCC,0.02,,0.001,False,,False,7.5,28.0,,,,1.5,False,2.2,False,,6.72,6.85,,2.76,0.0242,0.0109,False,,,,,,,,,False,35.0,0.15,0.0007,,0.21,0.1,False,,,False,,,False,,False,,False,,Aluminium Sulphate,,2006,6,Winter,0.019,95.0,1.3010299956639813,1.0,False,
2006-07-19 00:00:00,HCC,0.02,,,False,,False,7.5,26.0,14.6,121.0,,0.9,False,1.3,False,,6.37,6.22,2.8,2.61,0.016,0.0029,False,,3.12,,17.9,,16.1,9.0,,False,36.0,0.082,0.0007,,0.18,0.05,False,0.0839,0.0004,False,0.346,0.002,False,0.0070710678118654745,True,,False,,Aluminium Sulphate,,2006,7,Winter,,,,,False,
2006-08-23 00:00:00,HCC,0.022,,0.0007071067811865475,True,,False,7.7,26.0,,,,0.35355339059327373,True,0.35355339059327373,True,,6.58,6.18,,2.48,0.0219,0.0068,False,,,,,,,,,False,36.0,0.1,0.0008,,0.21,0.07,False,,,False,,,False,,False,,False,,Aluminium Sulphate,,2006,8,Winter,0.02129289321881345,96.78587826733387,1.4929376786541968,1.0,False,
2006-09-25 00:00:00,HCC,0.023,,,False,,False,7.7,27.0,,,,0.7,False,0.8,False,,6.71,6.69,,2.57,0.0328,0.0009,False,,,,,,,,,False,41.0,0.035,0.0009,,0.17,0.04,False,,,False,,,False,,False,,False,,Aluminium Sulphate,,2006,9,Spring,,,,,False,
2006-10-27 00:00:00,HCC,0.029,,,False,,False,,28.0,16.2,119.0,,0.35355339059327373,True,0.35355339059327373,True,,6.28,6.66,2.59,2.76,0.0445,0.0007,False,,3.44,,20.6,,18.6,9.1,,False,41.0,0.044,0.0008,,0.23,0.06,False,,,False,,,False,,False,,False,,Aluminium Sulphate,,2006,10,Spring,,,,,False,
2006-11-14 00:00:00,HCC,0.026,,,False,,False,7.6,26.0,,,,1.6,False,3.6,False,,6.36,6.24,,2.64,0.0432,0.00035355339059327376,True,,,,,,,,,False,38.0,0.053,0.0008,,0.22,0.06,False,,,False,,,False,,False,,False,,Aluminium Sulphate,,2006,11,Spring,,,,,False,
2006-12-12 00:00:00,HCC,0.028,,0.002,False,,False,7.5,27.0,,,,3.3,False,4.2,False,,6.63,6.26,,2.65,0.0407,0.0008,False,,,,,,,,,False,40.0,0.071,0.008,,0.22,0.08,False,,,False,,,False,,False,,False,,Aluminium Sulphate,,2006,12,Summer,0.026000000000000002,92.85714285714286,1.146128035678238,1.0,False,
2007-01-18 00:00:00,HCC,0.027,,,False,,False,7.5,25.0,16.2,124.0,,3.3,False,3.8,False,,6.07,5.78,2.69,2.45,0.0319,0.00035355339059327376,True,3.21,,19.5,,,20.0,8.8,0.001414213562373095,True,38.0,0.043,0.0007,0.246,0.18,0.06,False,0.0892,0.0004,False,0.106,0.004,False,0.02,False,,False,,Aluminium Sulphate,,2007,1,Summer,,,,,False,
2007-03-08 00:00:00,HCC,0.025,,0.003,False,,False,7.7,26.0,,,,3.3,False,4.1,False,,6.57,6.12,,2.51,0.0235,0.0006,False,,,,,,,,,False,42.0,0.033,0.0008,,0.16,0.05,False,,,False,,,False,,False,,False,,Aluminium Sulphate,,2007,3,Autumn,0.022000000000000002,88.0,0.9208187539523752,1.0,False,
2007-07-19 00:00:00,HCC,0.021,,0.0007071067811865475,True,,False,,24.0,14.7,138.0,,2.3,False,3.0,False,,6.52,5.7,2.73,2.28,0.0163,0.0032,False,,2.92,,16.6,,16.9,7.9,,False,37.0,0.05,0.0007,,0.16,0.06,False,,,False,,,False,,False,,False,,Aluminium Sulphate,,2007,7,Winter,0.020292893218813453,96.63282485149263,1.47273429256591,1.0,False,
2007-08-20 00:00:00,HCC,0.018,,0.0007071067811865475,True,,False,,25.0,,,,2.9,False,3.5,False,,6.13,6.1,,2.45,0.0224,0.0061,False,,,,,,,,,False,35.0,0.256,0.0007,,0.26,0.07,False,,,False,,,False,,False,,False,,Aluminium Sulphate,,2007,8,Winter,0.01729289321881345,96.07162899340807,1.4057875029352966,1.0,False,
2007-09-10 00:00:00,HCC,0.023,,,False,,False,8.0,27.0,,,,3.5,False,5.5,False,,6.57,6.4,,2.65,0.0272,0.0006,False,,,,,,,,,False,39.0,0.069,0.0007,,0.19,0.05,False,,,False,,,False,,False,,False,,Aluminium Sulphate,,2007,9,Spring,,,,,False,
2007-10-18 00:00:00,HCC,0.023,,,False,,False,7.5,25.0,15.2,113.0,,1.2,False,1.7,False,,6.49,5.98,2.69,2.54,0.0342,0.0008,False,3.28,,18.2,,,16.2,8.7,0.001414213562373095,True,40.0,0.053,0.0006,0.229,0.22,0.06,False,0.0774,0.0004,False,0.208,0.003,False,0.0070710678118654745,True,,False,,Aluminium Sulphate,,2007,10,Spring,,,,,False,
2007-11-07 00:00:00,HCC,0.027,,,False,,False,7.5,25.0,,,,4.2,False,3.0,False,,6.7,6.1,2.7,2.5,0.046,0.0006,False,,,,,,,,,False,40.0,0.093,0.00071,,0.33,0.079,False,,,False,,,False,,False,,False,,Aluminium Sulphate,,2007,11,Spring,,,,,False,
2007-12-14 00:00:00,HCC,0.035,,,False,,False,7.7,27.0,,,,1.1,False,1.5,False,,6.4,6.4,,2.7,0.046,0.0006,False,,,,,,,,,False,43.0,0.031,0.0008,,0.16,0.068,False,,,False,,,False,,False,,False,,Aluminium Sulphate,,2007,12,Summer,,,,,False,
2008-01-10 00:00:00,HCC,0.029,,0.0028,False,,False,,26.0,,,,1.4,False,1.7,False,,6.5,6.1,2.7,2.6,0.0033,0.00035355339059327376,True,,3.0,,20.0,,19.0,8.2,,False,43.0,0.024,0.00065,,0.2,0.07,False,,,False,,,False,,False,,False,,Aluminium Sulphate,,2008,1,Summer,0.0262,90.34482758620689,1.0152399665567369,1.0,False,
2009-02-11 00:00:00,HCC,0.031,,0.0031,False,,False,7.2,26.0,16.6,130.0,,2.1,False,2.7,False,,6.5,6.0,2.8,2.5,0.035,0.00074,False,3.5,3.2,21.0,21.0,,19.0,9.7,0.001414213562373095,True,40.0,0.043,0.00081,0.27,0.16,0.039,False,0.11,0.00044,False,0.1,0.0088,False,0.019,False,,False,,Aluminium Sulphate,,2009,2,Summer,0.0279,90.0,1.0,1.0,False,
2009-04-30 00:00:00,HCC,0.024,,0.0019,False,,False,7.8,,,,,1.9,False,1.6,False,,6.4,,,,0.024,0.0037,False,,,,,,,,,False,41.0,0.039,0.00079,,0.14,0.041,False,,,False,,,False,,False,,False,,Aluminium Sulphate,,2009,4,Autumn,0.0221,92.08333333333333,1.101457640758777,1.0,False,
2009-05-14 00:00:00,HCC,0.023,,0.0017,False,,False,7.5,,,,,3.0,False,3.4,False,,6.4,,,,0.021,0.0021,False,,,,,,,,,False,41.0,0.052,0.00093,,0.17,0.047,False,,,False,,,False,,False,,False,,Aluminium Sulphate,,2009,5,Autumn,0.0213,92.6086956521739,1.131278914639319,1.0,False,
2009-06-29 00:00:00,HCC,0.021,,0.0007778174593052023,True,,False,7.7,,,,,0.79,False,0.85,False,,6.6,,,,0.051,0.013,False,,,,,,,,,False,36.0,0.29,0.00073,,1.4,0.083,False,,,False,,,False,,False,,False,,Aluminium Sulphate,,2009,6,Winter,0.0202221825406948,96.29610733664188,1.4313416074076848,1.0,False,
2009-07-28 00:00:00,HCC,0.019,,0.0012,False,,False,7.4,,,,,2.9,False,3.5,False,,6.8,,,,0.027,0.0048,False,,,,,,,,,False,37.0,0.11,0.00091,,0.26,0.052,False,,,False,,,False,,False,,False,,Aluminium Sulphate,,2009,7,Winter,0.0178,93.6842105263158,1.1995723549052042,1.0,False,
2009-07-31 00:00:00,HCC,0.02,,0.0012,False,,False,7.6,27.0,16.1,130.0,,2.1,False,3.4,False,,6.9,6.5,2.8,2.6,0.021,0.0024,False,3.5,3.3,22.0,19.0,,19.0,12.0,0.001414213562373095,True,37.0,0.079,0.0009,0.29,0.21,0.064,False,0.1,0.00047,False,0.38,0.0022,False,0.0070710678118654745,True,,False,,Aluminium Sulphate,,2009,7,Winter,0.0188,94.0,1.2218487496163564,1.0,False,
2009-08-18 00:00:00,HCC,0.018,,0.0007778174593052023,True,,False,7.6,,,,,3.7,False,4.5,False,,6.6,,,,0.022,0.0022,False,,,,,,,,,False,35.0,0.12,0.00079,,0.29,0.079,False,,,False,,,False,,False,,False,,Aluminium Sulphate,,2009,8,Winter,0.017222182540694797,95.67879189274888,1.3643948177770715,1.0,False,
2009-09-07 00:00:00,HCC,0.017,,0.0011,False,,False,7.5,,,,,1.2,False,1.9,False,,6.3,,,,0.029,0.0038,False,,,,,,,,,False,36.0,0.07,0.0008,,0.23,0.067,False,,,False,,,False,,False,,False,,Aluminium Sulphate,,2009,9,Spring,0.0159,93.52941176470588,1.189056236220049,1.0,False,
2009-10-15 00:00:00,HCC,0.02,,0.0016,False,,False,7.4,26.0,14.8,140.0,,3.4,False,3.9,False,,6.0,6.1,2.4,2.6,0.035,0.0038,False,3.4,3.3,18.0,19.0,,17.0,8.7,0.001414213562373095,True,36.0,0.12,0.00087,0.23,0.26,0.076,False,0.079,0.00044,False,0.4,0.0034,False,0.014,False,,False,,Aluminium Sulphate,,2009,10,Spring,0.0184,91.99999999999999,1.0969100130080565,1.0,False,
2009-11-20 00:00:00,HCC,0.024,,0.0016,False,,False,7.5,,,,,1.7,False,2.3,False,,6.7,,,,0.041,0.00035355339059327376,True,,,,,,,,,False,39.0,0.053,0.00075,,0.21,0.053,False,,,False,,,False,,False,,False,,Aluminium Sulphate,,2009,11,Spring,0.0224,93.33333333333333,1.1760912590556813,1.0,False,
2009-12-14 00:00:00,HCC,0.029,,0.0025,False,,False,7.5,,,,,2.6,False,5.9,False,,6.5,,,,0.057,0.0011,False,,,,,,,,,False,39.0,0.16,0.0007,,0.42,0.066,False,,,False,,,False,,False,,False,,Aluminium Sulphate,,2009,12,Summer,0.026500000000000003,91.37931034482759,1.0644579892269184,1.0,False,
2010-01-07 00:00:00,HCC,0.027,,0.0027,False,,False,7.1,25.0,16.6,130.0,,1.6,False,2.6,False,,6.2,5.9,2.8,2.5,0.03,0.0006,False,3.5,3.2,19.0,20.0,,20.0,9.3,0.001414213562373095,True,42.0,0.036,0.00084,0.27,0.19,0.054,False,0.1,0.00045,False,0.16,0.0035,False,0.016,False,,False,,Aluminium Sulphate,,2010,1,Summer,0.0243,89.99999999999999,1.0,1.0,False,
2010-02-19 00:00:00,HCC,0.028,,0.0042,False,,False,7.6,,,,,3.9,False,3.5,False,,6.3,,,,0.033,0.00035355339059327376,True,,,,,,,,,False,41.0,0.055,0.00088,,0.18,0.032,False,,,False,,,False,,False,,False,,Aluminium Sulphate,,2010,2,Summer,0.0238,85.00000000000001,0.8239087409443188,1.0,False,
2010-03-12 00:00:00,HCC,0.024,,0.0032,False,,False,7.6,,,,,2.1,False,2.4,False,,6.7,,,,0.018,0.00035355339059327376,True,,,,,,,,,False,40.0,0.024,0.00086,,0.1,0.028,False,,,False,,,False,,False,,False,,Aluminium Sulphate,,2010,3,Autumn,0.0208,86.66666666666667,0.8750612633917001,1.0,False,
2010-04-07 00:00:00,HCC,0.022,,0.00172,False,,False,7.6,,,,,2.9,False,2.8,False,,7.0,,,,0.026,0.00035355339059327376,True,,,,,,,,,False,42.0,0.059,0.00069,,0.26,0.014142135623730949,True,,,False,,,False,,False,,False,,Aluminium Sulphate,,2010,4,Autumn,0.02028,92.18181818181819,1.1068942339146572,1.0,False,
2010-05-07 00:00:00,HCC,0.027,,0.0022,False,,False,7.2,,,,,2.4,False,2.7,False,,6.8,,,,0.0085,0.00035355339059327376,True,,,,,,,,,False,43.0,0.04,0.00106,,0.145,0.028,False,,,False,,,False,,False,,False,,Aluminium Sulphate,,2010,5,Autumn,0.0248,91.85185185185185,1.088941083336781,1.0,False,
2010-06-08 00:00:00,HCC,0.023,,0.0016,False,,False,7.1,,,,,2.7,False,3.2,False,,6.1,,,,0.046,0.0064,False,,,,,,,,,False,39.0,0.161,0.00093,,0.52,0.08,False,,,False,,,False,,False,,False,,Aluminium Sulphate,,2010,6,Winter,0.0214,93.04347826086955,1.157607853361668,1.0,False,
2010-07-08 00:00:00,HCC,0.022,,0.0017,False,,False,7.3,29.0,16.9,129.0,,1.5,False,1.3,False,,6.2,7.3,2.4,2.6,0.0178,0.00035355339059327376,True,3.9,3.9,22.0,,,20.0,13.1,0.001414213562373095,True,38.0,0.055,0.00099,0.27,0.168,0.07,False,0.112,0.00046,False,0.5,0.003,False,0.0070710678118654745,True,,False,,Aluminium Sulphate,,2010,7,Winter,0.0203,92.27272727272727,1.1119737594439323,1.0,False,
2010-08-09 00:00:00,HCC,0.0152,,0.0012,False,,False,11.0,,,,,2.6,False,4.3,False,,50.0,,,,0.031,0.0019,False,,,,,,,,,False,151.0,0.48,0.00072,,0.45,0.04,False,,,False,,,False,,False,,False,,Aluminium Sulphate,,2010,8,Winter,0.014,92.10526315789474,1.1026623418971477,1.0,True,pH=11;Ca_tot=50;alkalinity=151;
2010-09-20 00:00:00,HCC,0.0196,,0.0007778174593052023,True,,False,8.4,,,,,1.4,False,2.0,False,,10.3,,,,0.034,0.0031,False,,,,,,,,,False,39.0,0.22,0.0007,,0.33,0.08,False,,,False,,,False,,False,,False,,Aluminium Sulphate,,2010,9,Spring,0.018822182540694798,96.03154357497347,1.4013783840302416,1.0,False,
2010-10-06 00:00:00,HCC,0.018,,0.0013,False,,False,7.4,,,,,0.7,False,2.7,False,,6.3,,,,0.023,0.0007,False,,,,,,,,,False,35.0,0.102,0.0006,,0.23,0.07,False,,,False,,,False,,False,,False,,Aluminium Sulphate,,2010,10,Spring,0.0167,92.77777777777779,1.1413291527964693,1.0,False,
2010-11-16 00:00:00,HCC,0.024,,0.0026,False,,False,7.8,,,,,1.4,False,2.0,False,,6.6,,,,0.037,0.0014,False,,,,,,,,,False,42.0,0.044,0.00072,,0.139,0.05,False,,,False,,,False,,False,,False,,Aluminium Sulphate,,2010,11,Spring,0.021400000000000002,89.16666666666667,0.965237893740788,1.0,False,
2010-12-06 00:00:00,HCC,0.029,,0.0028,False,,False,7.5,,,,,3.1,False,3.6,False,,6.7,,,,0.046,0.00035355339059327376,True,,,,,,,,,False,41.0,0.025,0.0006,,0.151,0.02,False,,,False,,,False,,False,,False,,Aluminium Sulphate,,2010,12,Summer,0.0262,90.34482758620689,1.0152399665567369,1.0,False,
2011-01-19 00:00:00,HCC,0.033,,0.0021,False,,False,7.4,26.0,17.0,140.0,,4.5,False,5.3,False,,6.4,6.2,2.8,2.6,0.042,0.0009,False,3.6,3.4,22.0,,,20.0,8.9,0.001414213562373095,True,40.0,0.056,0.00075,0.3,0.21,0.07,False,0.106,0.00052,False,0.173,0.007,False,0.026,False,,False,,Aluminium Sulphate,,2011,1,Summer,0.0309,93.63636363636363,1.1962946451439682,1.0,False,
2011-02-21 00:00:00,HCC,0.0195,,0.0018,False,,False,7.4,,,,,3.2,False,3.9,False,,6.3,,,,0.024,0.0005,False,,,,,,,,,False,43.0,0.038,0.00059,,0.151,0.03,False,,,False,,,False,,False,,False,,Aluminium Sulphate,,2011,2,Summer,0.0177,90.76923076923077,1.034762106259212,1.0,False,
2011-03-11 00:00:00,HCC,0.024,,0.0026,False,,False,,,,,,,False,,False,,,,,,,,False,,,,,,,,,False,,,,,,,False,,,False,,,False,,False,,False,,Aluminium Sulphate,,2011,3,Autumn,0.021400000000000002,89.16666666666667,0.965237893740788,1.0,False,
2011-04-13 00:00:00,HCC,0.024,,0.0022,False,,False,7.5,,,,,,False,4.4,False,,6.5,,,,0.028,0.00035355339059327376,True,,,,,,,,,False,38.0,0.045,0.00077,,0.151,0.05,False,,,False,,,False,,False,,False,,Aluminium Sulphate,,2011,4,Autumn,0.0218,90.83333333333334,1.0377885608893997,1.0,False,
2011-05-19 00:00:00,HCC,0.022,,0.0024,False,,False,,,,,,,False,,False,,,,,,,,False,,,,,,,,,False,,,,,,,False,,,False,,,False,,False,,False,,Aluminium Sulphate,,2011,5,Autumn,0.0196,89.0909090909091,0.9622114391106001,1.0,False,
2011-06-21 00:00:00,HCC,0.0197,,0.0012,False,,False,,,,,,,False,,False,,,,,,,,False,,,,,,,,,False,,,,,,,False,,,False,,,False,,False,,False,,Aluminium Sulphate,,2011,6,Winter,0.0185,93.90862944162437,1.2152849801139682,1.0,False,
2011-07-06 00:00:00,HCC,0.0195,,0.0007778174593052023,True,,False,7.4,28.0,14.6,116.0,,2.8,False,3.3,False,,6.7,6.7,,2.7,0.027,0.0119,False,,3.0,,17.9,,15.7,11.9,0.001414213562373095,True,37.0,0.096,0.00069,,0.31,0.09,False,,,False,,,False,,False,,False,,Aluminium Sulphate,,2011,7,Winter,0.0187221825406948,96.01119251638359,1.3991569240362836,1.0,False,
2011-08-11 00:00:00,HCC,0.0189,,0.0007778174593052023,True,,False,,,,,,,False,,False,,,,,,,,False,,,,,,,,,False,,,,,,,False,,,False,,,False,,False,,False,,Aluminium Sulphate,,2011,8,Winter,0.0181221825406948,95.88456370737988,1.3855841168470098,1.0,False,
2011-09-22 00:00:00,HCC,0.024,,0.0017,False,,False,,,,,,,False,,False,,,,,,,,False,,,,,,,,,False,,,,,,,False,,,False,,,False,,False,,False,,Aluminium Sulphate,,2011,9,Spring,0.0223,92.91666666666666,1.149762320333332,1.0,False,
2011-10-19 00:00:00,HCC,0.031,,0.0028,False,,False,7.5,,,,,,False,3.0,False,,6.7,,,,0.056,0.0007,False,,,,,,,,,False,39.0,0.072,0.00081,,0.25,0.05,False,,,False,,,False,,False,,False,,Aluminium Sulphate,,2011,10,Spring,0.0282,90.96774193548387,1.0442036624920534,1.0,False,
2011-11-25 00:00:00,HCC,0.032,,0.0033,False,,False,,,,,,,False,,False,12105.0,,,,,,,False,,,,,,,,,False,,,,,,,False,,,False,,,False,,False,,False,,Aluminium Sulphate,,2011,11,Spring,0.0287,89.6875,0.9866360384420185,1.0,False,
2011-12-07 00:00:00,HCC,0.032,,0.0026,False,,False,,,,,,,False,,False,2661.0,,,,,,,False,,,,,,,,,False,,,,,,,False,,,False,,,False,,False,,False,,Aluminium Sulphate,,2011,12,Summer,0.029400000000000003,91.87500000000001,1.090176630349088,1.0,False,
2012-01-20 00:00:00,HCC,0.022,,0.0023,False,,False,7.4,24.0,14.7,121.0,,1.8,False,2.1,False,,6.0,5.9,,2.3,0.026,0.001,False,,2.8,,16.9,,15.2,10.0,0.001414213562373095,True,37.0,0.067,0.00064,,0.22,0.07,False,,,False,,,False,,False,,False,,Aluminium Sulphate,,2012,1,Summer,0.0197,89.54545454545455,0.9806948448046133,1.0,False,
2012-02-16 00:00:00,HCC,0.022,,0.0026,False,,False,7.6,28.0,14.6,115.0,,2.6,False,3.1,False,,6.3,6.6,2.7,2.8,0.026,0.00035355339059327376,True,3.0,3.0,17.2,17.8,,15.2,8.0,0.001414213562373095,True,40.0,0.038,0.0005,0.195,0.169,0.05,False,0.069,0.00041,False,0.178,0.004,False,0.019,False,,False,,Aluminium Sulphate,,2012,2,Summer,0.0194,88.18181818181819,0.9274493328513883,1.0,False,
2012-03-27 00:00:00,HCC,0.0242,,0.0019,False,,False,,,,,,,False,,False,2992.0,,,,,,,False,,,,,,,,,False,,,,,,,False,,,False,,,False,,False,,False,,Aluminium Sulphate,,2012,3,Autumn,0.0223,92.14876033057851,1.1050617650276022,1.0,False,
2012-04-18 00:00:00,HCC,0.0202,,0.00143,False,,False,7.1,26.7,16.3,124.0,,2.31,False,2.92,False,,,6.42,,2.68,0.0169,0.00052,False,,,,,,17.8,9.08,0.001414213562373095,True,42.8,0.0317,0.00063,,0.13,0.05,False,,,False,,,False,,False,,False,,Aluminium Sulphate,,2012,4,Autumn,0.01877,92.92079207920791,1.150015331981562,1.0,False,
2012-05-15 00:00:00,HCC,0.023,,0.00135,False,,False,,,,,,,False,,False,,,,,,,,False,,,,,,,,,False,,,,,,,False,,,False,,,False,,False,,False,,Aluminium Sulphate,,2012,5,Autumn,0.02165,94.1304347826087,1.2313940675225867,1.0,False,
2012-06-26 00:00:00,HCC,0.0212,,0.00192,False,,False,,,,,,,False,,False,,,,,,,,False,,,,,,,,,False,,,,,,,False,,,False,,,False,,False,,False,,Aluminium Sulphate,,2012,6,Winter,0.01928,90.94339622641509,1.0430346322252018,1.0,False,
2012-07-18 00:00:00,HCC,0.0196,,0.0007778174593052023,True,,False,7.4,26.8,16.4,132.0,,3.39,False,4.14,False,,6.67,6.43,2.63,2.6,2.63,0.00744,False,,3.68,,20.6,,19.8,10.63,0.001414213562373095,True,40.5,0.168,0.00085,0.258,0.294,0.068,False,0.092,0.00038,False,0.554,0.0046,False,0.0151,False,,False,,Aluminium Sulphate,,2012,7,Winter,0.018822182540694798,96.03154357497347,1.4013783840302416,1.0,False,
2012-08-10 00:00:00,HCC,0.0174,,0.0007778174593052023,True,,False,,,,,,,False,,False,2240.0,,,,,,,False,,,,,,,,,False,,,,,,,False,,,False,,,False,,False,,False,,Aluminium Sulphate,,2012,8,Winter,0.016622182540694797,95.52978471663677,1.3496715609563652,1.0,False,
2012-09-05 00:00:00,HCC,0.0196,,0.0007778174593052023,True,,False,,,,,,,False,,False,4827.0,,,,,,,False,,,,,,,,,False,,,,,,,False,,,False,,,False,,False,,False,,Aluminium Sulphate,,2012,9,Spring,0.018822182540694798,96.03154357497347,1.4013783840302416,1.0,False,
2012-10-15 00:00:00,HCC,0.0195,,0.0017,False,,False,7.4,27.0,14.6,116.0,,3.1,False,3.7,False,,,6.3,,2.7,0.034,0.0019,False,,3.2,,18.4,,16.0,8.3,0.005,False,40.0,0.076,0.00066,,0.22,0.03,False,,,False,,,False,,False,,False,,Aluminium Sulphate,,2012,10,Spring,0.0178,91.28205128205128,1.0595856899842442,1.0,False,
2012-11-27 00:00:00,HCC,0.0239,,0.00152,False,,False,,,,,,,False,,False,6285.0,,,,,,,False,,,,,,,,,False,,,,,,,False,,,False,,,False,,False,,False,,Aluminium Sulphate,,2012,11,Spring,0.02238,93.64016736401673,1.1965543130033651,1.0,False,
2012-12-01 00:00:00,HCC,0.023,,0.0022,False,,False,,,,,,,False,,False,,,,,,,,False,,,,,,,,,False,,,,,,,False,,,False,,,False,,False,,False,,Aluminium Sulphate,,2012,12,Summer,0.0208,90.43478260869566,1.0193051551953867,1.0,False,
2012-12-18 00:00:00,HCC,0.0218,,0.00152,False,,False,,,,,,,False,,False,3907.0,,,,,,,False,,,,,,,,,False,37.9,,,,,,False,,,False,,,False,,False,,False,,Aluminium Sulphate,,2012,12,Summer,0.02028,93.02752293577981,1.1566129056598322,1.0,False,
2013-01-14 12:00:00,HCC,0.0232,,0.00242,False,,False,7.2,25.0,15.6,121.0,,2.52,False,3.0,False,2776.0,6.26,5.95,2.7,2.47,0.0275,0.00086,False,3.43,2.63,21.1,17.1,,17.0,9.03,0.001414213562373095,True,39.8,0.0318,0.00058,0.243,0.147,0.039,False,0.088,0.00046,False,0.206,0.0074,False,0.0306,False,,False,,Aluminium Sulphate,,2013,1,Summer,0.02078,89.56896551724138,0.9816726189104684,1.0,False,
2013-02-19 00:00:00,HCC,0.027,,0.0025,False,,False,,,,,,,False,,False,3295.0,,,,,,,False,,,,,,,,,False,,,,,,,False,,,False,,,False,,False,,False,,Aluminium Sulphate,,2013,2,Summer,0.0245,90.74074074074075,1.0334237554869496,1.0,False,
2013-03-19 12:00:00,HCC,0.0272,,0.00351,False,,False,,,,,,,False,,False,1439.0,,,,,,,False,,,,,,,,,False,,,,,,,False,,,False,,,False,,False,,False,,Aluminium Sulphate,,2013,3,Autumn,0.02369,87.09558823529412,0.8892617875683746,1.0,False,
2013-04-23 12:00:00,HCC,0.023,,0.00253,False,,False,7.5,,,,,,False,2.83,False,,6.58,,,,0.0361,0.00156,False,,,,,,,,,False,42.2,0.086,0.0008,,0.23,0.051,False,,,False,,,False,,False,,False,,Aluminium Sulphate,,2013,4,Autumn,0.02047,88.99999999999999,0.9586073148417749,1.0,False,
2013-05-14 12:00:00,HCC,0.0229,,0.00135,False,,False,,,,,,,False,,False,,,,,,,,False,,,,,,,,,False,40.2,,,,,,False,,,False,,,False,,False,,False,,Aluminium Sulphate,,2013,5,Autumn,0.02155,94.10480349344978,1.2295017138448818,1.0,False,
2013-06-18 00:00:00,HCC,0.023,,0.014849242404917497,True,,False,,,,,,,False,,False,,,,,,,,False,,,,,,,,,False,,,,,,,False,,,False,,,False,,False,,False,,Aluminium Sulphate,,2013,6,Winter,0.008150757595082502,35.438076500358704,0.19002353911566422,0.0,False,
2013-07-16 00:00:00,HCC,0.0171,,0.0007778174593052023,True,,False,7.4,27.7,15.0,124.0,,2.88,False,2.57,False,,,6.71,,2.66,0.0184,0.00685,False,,3.34,,19.5,,16.8,9.41,0.001414213562373095,True,36.7,0.0506,0.00071,0.244,0.178,0.045,False,0.087,0.00043,False,0.442,0.001414213562373095,True,0.0070710678118654745,True,,False,,Aluminium Sulphate,,2013,7,Winter,0.0163221825406948,95.45135988710408,1.3421184230659193,1.0,False,
2013-08-06 00:00:00,HCC,0.0198,,0.0007778174593052023,True,,False,,,,,,,False,,False,2313.0,,,,,,,False,,,,,,,,,False,37.1,,,,,,False,,,False,,,False,,False,,False,,Aluminium Sulphate,,2013,8,Winter,0.0190221825406948,96.07162899340808,1.4057875029352966,1.0,False,
2013-09-03 12:00:00,HCC,0.0229,,0.0013,False,,False,,,,,,,False,,False,4830.0,,,,,,,False,,,,,,,,,False,45.3,,,,,,False,,,False,,,False,,False,,False,,Aluminium Sulphate,,2013,9,Spring,0.0216,94.3231441048035,1.2458921300330512,1.0,False,
2013-10-09 00:00:00,HCC,0.0216,,0.0007778174593052023,True,,False,7.4,,,,,,False,3.44,False,,6.25,,,,0.0359,0.00179,False,,3.35,,,,,,,False,36.2,0.067,0.00081,,0.211,0.059,False,,,False,,,False,,False,,False,,Aluminium Sulphate,,2013,10,Spring,0.0208221825406948,96.39899324395739,1.4435760638246966,1.0,False,
2013-11-12 12:00:00,HCC,0.0258,,0.00187,False,,False,,,,,,,False,,False,2321.0,,,,,,,False,,,,,,,,,False,36.2,,,,,,False,,,False,,,False,,False,,False,,Aluminium Sulphate,,2013,11,Spring,0.02393,92.75193798449611,1.1397780994267313,1.0,False,
2013-12-10 12:00:00,HCC,0.0249,,0.0019,False,,False,,,,,,,False,,False,1320.0,,,,,,,False,,,,,,,,,False,36.7,,,,,,False,,,False,,,False,,False,,False,,Aluminium Sulphate,,2013,12,Summer,0.023,92.36947791164658,1.1174457461429073,1.0,False,
2014-01-21 00:00:00,HCC,0.0269,,0.0022,False,,False,6.9,26.7,15.6,119.0,,4.46,False,5.66,False,6126.0,6.57,6.4,,2.61,0.0303,0.00035355339059327376,True,,3.14,,19.3,,16.7,9.1,0.001414213562373095,True,41.8,0.0277,0.00057,0.265,0.149,0.022,False,0.0814,0.00044,False,0.087,0.0038,False,0.0333,False,,False,,Aluminium Sulphate,,2014,1,Summer,0.0247,91.82156133828995,1.0873295991802017,1.0,False,
2014-02-11 00:00:00,HCC,0.03,,0.0034,False,,False,,,,,,,False,,False,1542.0,,,,,,,False,,,,,,,,,False,,,,,,,False,,,False,,,False,,False,,False,,Aluminium Sulphate,,2014,2,Summer,0.0266,88.66666666666666,0.9456423376774074,1.0,False,
2014-03-04 00:00:00,HCC,0.026,,0.0028,False,,False,,,,,,,False,,False,4020.0,,,,,,,False,,,,,,,,,False,38.4,,,,,,False,,,False,,,False,,False,,False,,Aluminium Sulphate,,2014,3,Autumn,0.0232,89.23076923076923,0.9678153166285987,1.0,False,
2014-04-29 12:00:00,HCC,0.025,,0.0018,False,,False,7.6,,,,,,False,1.7,False,,6.9,,,,0.027,0.0021,False,,3.6,,,0.2,,,,False,42.0,0.057,0.0007,,0.182,0.04,False,,,False,,,False,,False,,False,,Aluminium Sulphate,,2014,4,Autumn,0.023200000000000002,92.80000000000001,1.1426675035687315,1.0,False,
2014-05-13 12:00:00,HCC,0.0014,,0.0017,False,,False,,,,,,,False,,False,,,,,,,,False,,,,,,,,,False,37.5,,,,,,False,,,False,,,False,,False,,False,,Aluminium Sulphate,,2014,5,Autumn,-0.0002999999999999999,-21.428571428571423,-0.08432088570003586,1.0,False,
2014-06-05 12:00:00,HCC,0.022,,0.0007778174593052023,True,,False,,,,,,,False,,False,1595.0,,,,,,,False,,,,,,,,,False,,,,,,,False,,,False,,,False,,False,,False,,Aluminium Sulphate,,2014,6,Winter,0.021222182540694797,96.46446609406728,1.4515449934959717,1.0,False,
2014-07-08 00:00:00,HCC,0.0166,,0.0007778174593052023,True,,False,7.5,26.0,15.1,118.0,,1.7,False,2.3,False,,6.5,6.1,,2.6,,0.0058,False,,3.3,,18.3,,16.3,9.0,0.001414213562373095,True,36.0,0.082,0.00068,0.22,0.2,0.06,False,0.079,0.00034,False,0.56,0.003,False,0.0070710678118654745,True,,False,,Aluminium Sulphate,,2014,7,Winter,0.0158221825406948,95.31435265478794,1.3292304007138207,1.0,False,
2014-08-12 12:00:00,HCC,0.0193,,0.0012,False,,False,,,,,,,False,,False,,,,,,,,False,,,,,,,,,False,,,,,,,False,,,False,,,False,,False,,False,,Aluminium Sulphate,,2014,8,Winter,0.0181,93.78238341968911,1.206376062960149,1.0,False,
2014-09-08 12:00:00,HCC,0.0159,,0.0007778174593052023,True,,False,,,,,,,False,,False,,,,,,,,False,,,,,,,,,False,,,,,,,False,,,False,,,False,,False,,False,,Aluminium Sulphate,,2014,9,Spring,0.0151221825406948,95.10806629367798,1.310519436994217,1.0,False,
2014-10-16 00:00:00,HCC,0.023,,0.0028,False,,False,8.2,,,,,,False,3.6,False,,6.7,,,,0.043,0.0017,False,,3.5,,,0.19,,,,False,40.0,0.051,0.00071,,0.22,0.06,False,,,False,,,False,,False,,False,,Aluminium Sulphate,,2014,10,Spring,0.0202,87.82608695652173,0.9145698046753736,1.0,False,
2014-11-11 00:00:00,HCC,0.024,,0.0028,False,,False,,,,,,,False,,False,,,,,,,,False,,,,,,,,,False,38.7,,,,,,False,,,False,,,False,,False,,False,,Aluminium Sulphate,,2014,11,Spring,0.0212,88.33333333333334,0.9330532103693868,1.0,False,
2014-12-08 00:00:00,HCC,0.028,,0.0099,False,,False,,,,,,,False,,False,,,,,,,,False,,,,,,,,,False,40.5,,,,,,False,,,False,,,False,,False,,False,,Aluminium Sulphate,,2014,12,Summer,0.018099999999999998,64.64285714285714,0.4515228367446693,1.0,False,
2015-01-06 00:00:00,HCC,0.023,,0.0047,False,,False,7.6,27.0,15.5,121.0,,1.3,False,2.4,False,1201.0,6.8,6.3,2.7,2.7,0.021,0.0012,False,3.0,2.7,18.4,18.3,,15.6,8.5,0.001414213562373095,True,41.0,0.029,0.00052,0.26,0.158,0.05,False,0.085,0.00037,False,0.088,0.002,False,0.0070710678118654745,True,,False,,Aluminium Sulphate,,2015,1,Summer,0.0183,79.56521739130436,0.6896299780818754,1.0,False,
2015-02-03 00:00:00,HCC,0.028,,0.0032,False,,False,,,,,,,False,,False,704.0,,,,,,,False,,,,,,,,,False,42.0,,,,,,False,,,False,,,False,,False,,False,,Aluminium Sulphate,,2015,2,Summer,0.0248,88.57142857142857,0.9420080530223133,1.0,False,
2015-03-24 00:00:00,HCC,0.028,,0.0033,False,,False,,,,,,,False,,False,,,,,,,,False,,,,,,,,,False,,,,,,,False,,,False,,,False,,False,,False,,Aluminium Sulphate,,2015,3,Autumn,0.0247,88.21428571428571,0.9286440914643317,1.0,False,
2015-04-09 00:00:00,HCC,0.026,,0.0035,False,,False,,,,,,,False,,False,,,,,,,,False,,,,,,,,,False,,,,,,,False,,,False,,,False,,False,,False,,Aluminium Sulphate,,2015,4,Autumn,0.0225,86.53846153846155,0.8709053036205423,1.0,False,
2015-04-10 00:00:00,HCC,0.025,,0.0033,False,,False,,,,,,,False,,False,,,,,,,,False,,,,,,,,,False,,,,,,,False,,,False,,,False,,False,,False,,Aluminium Sulphate,,2015,4,Autumn,0.0217,86.8,0.8794260687941502,1.0,False,
2015-04-14 00:00:00,HCC,0.027,,0.0028,False,,False,,,,,,,False,,False,,,,,,,,False,,,,,,,,,False,41.5,,,,,,False,,,False,,,False,,False,,False,,Aluminium Sulphate,,2015,4,Autumn,0.0242,89.62962962962963,0.984205732816768,1.0,False,
2015-04-16 00:00:00,HCC,0.025,,0.0028,False,,False,,,,,,,False,,False,,,,,,,,False,,,,,,,,,False,,,,,,,False,,,False,,,False,,False,,False,,Aluminium Sulphate,,2015,4,Autumn,0.0222,88.8,0.9507819773298184,1.0,False,
2015-04-28 00:00:00,HCC,0.023,,0.002,False,,False,7.8,,,,,,False,2.1,False,,6.8,,,,0.029,0.0043,False,,3.7,,,0.17,,,,False,39.6,0.069,0.00063,,0.2,0.04,False,,,False,,,False,,False,,False,,Aluminium Sulphate,,2015,4,Autumn,0.020999999999999998,91.30434782608694,1.0606978403536116,1.0,False,
2015-05-05 09:13:00,HCC,0.021,,0.0018,False,,False,,,,,,,False,,False,20369.0,,,,,,,False,,,,,,,,,False,,,,,,,False,,,False,,,False,,False,,False,,Aluminium Sulphate,,2015,5,Autumn,0.019200000000000002,91.42857142857143,1.0669467896306133,1.0,False,
2015-06-02 11:58:00,HCC,0.02,,0.0013,False,,False,,,,,,,False,,False,1530.0,,,,,,,False,,,,,,,,,False,,,,,,,False,,,False,,,False,,False,,False,,Aluminium Sulphate,,2015,6,Winter,0.0187,93.5,1.1870866433571445,1.0,False,
2015-07-07 09:39:00,HCC,0.0187,,0.0007778174593052023,True,,False,7.1,28.0,15.3,120.0,,1.2,False,1.6,False,1627.0,6.7,6.4,2.6,2.8,0.0149,0.0051,False,3.2,3.4,19.3,18.3,0.18,16.6,9.0,0.001414213562373095,True,39.0,0.039,0.00055,0.27,0.187,0.07,False,0.088,0.00043,False,0.38,0.002,False,0.0070710678118654745,True,,False,,Aluminium Sulphate,,2015,7,Winter,0.0179221825406948,95.8405483459615,1.3809639192102645,1.0,False,
2015-08-04 10:08:00,HCC,0.0149,,0.0007778174593052023,True,,False,,,,,,,False,,False,1196.0,,,,,,,False,,,,,,,,,False,35.0,,,,,,False,,,False,,,False,,False,,False,,Aluminium Sulphate,,2015,8,Winter,0.014122182540694798,94.77974859526711,1.2823085810860395,1.0,False,
2015-09-01 10:21:00,HCC,0.0149,,0.0007778174593052023,True,,False,,,,,,,False,,False,3258.0,,,,,,,False,,,,,,,,,False,37.1,,,,,,False,,,False,,,False,,False,,False,,Aluminium Sulphate,,2015,9,Spring,0.014122182540694798,94.77974859526711,1.2823085810860395,1.0,False,
2015-10-06 08:22:00,HCC,0.0162,,0.0011,False,,False,7.7,,,,,,False,2.1,False,3360.0,6.7,,,,0.0191,0.0017,False,,3.3,,,0.16,,,,False,38.0,0.068,0.00044,,0.182,0.06,False,,,False,,,False,,False,,False,,Aluminium Sulphate,,2015,10,Spring,0.015099999999999999,93.20987654320987,1.1681223293844059,1.0,False,
2015-11-05 08:44:00,HCC,0.021,,0.0025,False,,False,,,,,,,False,,False,1011.0,,,,,,,False,,,,,,,,,False,,,,,,,False,,,False,,,False,,False,,False,,Aluminium Sulphate,,2015,11,Spring,0.018500000000000003,88.0952380952381,0.9242792860618817,1.0,False,
2015-12-01 11:42:00,HCC,0.023,,0.0022,False,,False,,,,,,,False,,False,3565.0,,,,,,,False,,,,,,,,,False,39.0,,,,,,False,,,False,,,False,,False,,False,,Aluminium Sulphate,,2015,12,Summer,0.0208,90.43478260869566,1.0193051551953867,1.0,False,
2016-01-12 00:00:00,HCC,0.022,,0.0028,False,,False,7.8,27.0,15.9,126.0,,1.3,False,2.4,False,3048.0,6.3,6.4,2.8,2.8,0.023,0.0006,False,3.2,3.2,22.0,22.0,,17.0,8.0,0.001414213562373095,True,42.0,0.031,0.00058,0.25,0.134,0.04,False,0.091,0.0004,False,0.056,0.004,False,0.0070710678118654745,True,,False,,Aluminium Sulphate,,2016,1,Summer,0.0192,87.27272727272728,0.895264649479987,1.0,False,
2016-02-10 14:51:00,HCC,0.026,,0.0037,False,,False,,,,,,,False,,False,,,,,,,,False,,,,,,,,,False,,,,,,,False,,,False,,,False,,False,,False,,Aluminium Sulphate,,2016,2,Summer,0.0223,85.76923076923077,0.8467716239038229,1.0,False,
2016-02-29 13:43:00,HCC,0.027,,,False,,False,7.6,,,,,,False,,False,3006.0,,,,,,,False,,,,,,,,,False,42.0,,,,,,False,,,False,,,False,,False,,False,,Aluminium Sulphate,,2016,2,Summer,,,,,False,
2016-03-03 13:43:00,HCC,0.03,,,False,,False,7.6,,,,,,False,,False,3099.0,,,,,,,False,,,,,,,,,False,42.0,,,,,,False,,,False,,,False,,False,,False,,Aluminium Sulphate,,2016,3,Autumn,,,,,False,
2016-03-08 15:17:00,HCC,0.024,,0.0033,False,,False,,,,,,,False,,False,1688.0,,,,,,,False,,,,,,,,,False,,,,,,,False,,,False,,,False,,False,,False,,Aluminium Sulphate,,2016,3,Autumn,0.0207,86.24999999999999,0.8616973018337185,1.0,False,
2016-04-11 00:00:00,HCC,0.022,,0.003,False,,False,7.5,,,,,,False,1.9,False,,6.4,,,,0.025,0.0011,False,,3.2,,,0.16,,,,False,40.0,0.029,0.00054,,0.134,0.05,False,,,False,,,False,,False,,False,,Aluminium Sulphate,,2016,4,Autumn,0.019,86.36363636363636,0.8653014261025438,1.0,False,
2016-05-10 08:36:00,HCC,0.023,,0.0028,False,,False,,,,,,,False,,False,,,,,,,,False,,,,,,,,,False,39.6,,,,,,False,,,False,,,False,,False,,False,,Aluminium Sulphate,,2016,5,Autumn,0.0202,87.82608695652173,0.9145698046753736,1.0,False,
2016-06-21 14:21:00,HCC,0.022,,0.0007778174593052023,True,,False,,,,,,,False,,False,,,,,,,,False,,,,,,,,,False,,,,,,,False,,,False,,,False,,False,,False,,Aluminium Sulphate,,2016,6,Winter,0.021222182540694797,96.46446609406728,1.4515449934959717,1.0,False,
2016-07-12 07:49:00,HCC,0.0179,,0.0007778174593052023,True,,False,7.3,,15.0,112.0,,1.4,False,2.4,False,,6.1,6.3,2.5,2.5,0.0185,0.0048,False,3.4,3.3,17.9,17.3,0.18,16.5,8.5,0.001414213562373095,True,36.0,0.09,0.00063,0.23,0.21,0.07,False,0.08,0.00037,False,0.51,0.003,False,0.0070710678118654745,True,,False,,Aluminium Sulphate,,2016,7,Winter,0.017122182540694798,95.65465106533406,1.3619753436536588,1.0,False,
2016-08-16 11:24:00,HCC,0.0163,,0.0007778174593052023,True,,False,,,,,,,False,,False,,,,,,,,False,,,,,,,,,False,33.5,,,,,,False,,,False,,,False,,False,,False,,Aluminium Sulphate,,2016,8,Winter,0.015522182540694797,95.22811374659386,1.3213099170777234,1.0,False,
2016-09-13 10:57:00,HCC,0.0195,,0.0007778174593052023,True,,False,,,,,,,False,,False,,,,,,,,False,,,,,,,,,False,35.4,,,,,,False,,,False,,,False,,False,,False,,Aluminium Sulphate,,2016,9,Spring,0.0187221825406948,96.01119251638359,1.3991569240362836,1.0,False,
2016-10-18 00:00:00,HCC,0.018,,0.0007778174593052023,True,,False,7.6,,,,,,False,2.1,False,,6.4,,,,0.027,0.0045,False,,2.8,,,0.16,,,,False,36.0,0.068,0.00047,,0.21,0.06,False,,,False,,,False,,False,,False,,Aluminium Sulphate,,2016,10,Spring,0.017222182540694797,95.67879189274888,1.3643948177770715,1.0,False,
2016-11-22 11:34:00,HCC,0.023,,0.0013,False,,False,,,,,,,False,,False,,,,,,,,False,,,,,,,,,False,35.2,,,,,,False,,,False,,,False,,False,,False,,Aluminium Sulphate,,2016,11,Spring,0.0217,94.34782608695652,1.2477844837107561,1.0,False,
2016-12-20 13:06:00,HCC,0.021,,0.0015,False,,False,,,,,2.54,,False,,False,,,,,,,,False,,,,,,,,,False,37.9,,,,,,False,,,False,,,False,,False,,False,,Aluminium Sulphate,,2016,12,Summer,0.0195,92.85714285714285,1.146128035678238,1.0,False,
2017-01-10 00:00:00,HCC,0.024,,0.0019,False,,False,7.5,26.0,16.2,119.0,,2.6,False,1.7,False,,6.4,6.2,2.7,2.6,0.025,0.0019,False,3.2,2.7,19.0,18.4,0.17,17.5,8.0,0.001414213562373095,True,40.0,0.029,0.0006,0.24,0.13,,False,0.083,0.0004,False,0.22,0.002,False,0.0070710678118654745,True,,False,,Aluminium Sulphate,,2017,1,Summer,0.0221,92.08333333333333,1.101457640758777,1.0,False,
2017-02-07 13:47:00,HCC,0.024,,0.0019,False,,False,,,,,,,False,,False,1621.0,,,,,,,False,,,,,,,,,False,,,,,,,False,,,False,,,False,,False,,False,,Aluminium Sulphate,,2017,2,Summer,0.0221,92.08333333333333,1.101457640758777,1.0,False,
2017-03-21 15:11:00,HCC,0.021,,0.0014,False,,False,,,,,,,False,,False,2367.0,,,,,,,False,,,,,,,,,False,,,,,,,False,,,False,,,False,,False,,False,,Aluminium Sulphate,,2017,3,Autumn,0.019600000000000003,93.33333333333334,1.1760912590556813,1.0,False,
2017-04-11 00:00:00,HCC,0.0166,,0.0007778174593052023,True,,False,7.5,,,,,,False,2.8,False,,6.0,,,,0.029,0.0047,False,,3.2,,,0.16,,,,False,34.0,0.132,0.00056,,0.24,0.08,False,,,False,,,False,,False,,False,,Aluminium Sulphate,,2017,4,Autumn,0.0158221825406948,95.31435265478794,1.3292304007138207,1.0,False,
2017-05-16 11:40:00,HCC,0.0166,,0.0007778174593052023,True,,False,,,,,,,False,,False,,,,,,,,False,,,,,,,,,False,36.5,,,,,,False,,,False,,,False,,False,,False,,Aluminium Sulphate,,2017,5,Autumn,0.0158221825406948,95.31435265478794,1.3292304007138207,1.0,False,
2017-06-20 10:52:00,HCC,0.0141,,0.0007778174593052023,True,,False,,,,,,,False,,False,,,,,,,,False,,,,,,,,,False,,,,,,,False,,,False,,,False,,False,,False,,Aluminium Sulphate,,2017,6,Winter,0.013322182540694798,94.48356411840282,1.2583414253291454,1.0,False,
2017-07-11 10:15:00,HCC,0.0143,,0.0007778174593052023,True,,False,7.4,,14.6,121.0,,1.6,False,2.5,False,,6.7,6.6,2.8,2.7,0.025,0.0094,False,3.3,3.2,16.2,17.1,0.15,13.0,9.3,0.004,False,36.0,0.153,0.00046,0.2,0.32,0.09,False,0.061,0.00027,False,0.6,0.004,False,0.0070710678118654745,True,,False,,Aluminium Sulphate,,2017,7,Winter,0.013522182540694799,94.56071706779579,1.2644583501388273,1.0,False,
2017-08-22 15:02:00,HCC,0.0144,,0.0007778174593052023,True,,False,,,,,,,False,,False,,,,,,,,False,,,,,,,,,False,32.2,,,,,,False,,,False,,,False,,False,,False,,Aluminium Sulphate,,2017,8,Winter,0.013622182540694798,94.5984898659361,1.2674848047690153,1.0,False,
2017-09-19 11:36:00,HCC,0.0156,,0.0007778174593052023,True,,False,,,,,,,False,,False,,,,,,,,False,,,,,,,,,False,34.2,,,,,,False,,,False,,,False,,False,,False,,Aluminium Sulphate,,2017,9,Spring,0.014822182540694798,95.01399064547947,1.302246911028227,1.0,False,
2017-10-10 14:12:00,HCC,0.0173,,0.0007778174593052023,True,,False,7.5,,,,,,False,3.8,False,,6.9,,,,0.069,0.0006,False,,2.9,,,,,,,False,38.2,0.46,0.00045,,0.92,0.1,False,,,False,,,False,,False,,False,,Aluminium Sulphate,14.2,2017,10,Spring,0.016522182540694798,95.50394532193526,1.347168415802561,1.0,False,
2017-11-21 12:07:00,HCC,0.022,,0.0014,False,,False,,,,,,,False,,False,,,,,,,,False,,,,,,,,,False,,,,,,,False,,,False,,,False,,False,,False,,Aluminium Sulphate,17.1,2017,11,Spring,0.0206,93.63636363636364,1.1962946451439682,1.0,False,
2017-12-19 13:32:00,HCC,0.022,,0.0024,False,,False,,,,,,,False,,False,2143.0,,,,,,,False,,,,,,,,,False,42.5,,,,,,False,,,False,,,False,,False,,False,,Aluminium Sulphate,,2017,12,Summer,0.0196,89.0909090909091,0.9622114391106001,1.0,False,
2018-01-23 08:41:00,HCC,0.028,,0.0022,False,,False,7.5,26.0,15.4,117.0,,1.3,False,1.3,False,2291.0,6.3,6.1,2.6,2.6,0.041,0.0007,False,3.3,3.3,19.3,18.4,0.17,15.8,8.0,0.001414213562373095,True,42.4,0.043,0.00056,0.23,0.182,0.05,False,0.083,0.00036,False,0.3,0.014142135623730949,True,0.0070710678118654745,True,,False,,Aluminium Sulphate,21.0,2018,1,Summer,0.0258,92.14285714285714,1.104735350520013,1.0,False,
2018-02-13 15:57:00,HCC,0.028,,0.0017,False,,False,,,,,,,False,,False,,,,,,,,False,,,,,,,,,False,,,,,,,False,,,False,,,False,,False,,False,,Aluminium Sulphate,22.7,2018,2,Summer,0.0263,93.92857142857142,1.2167091099639453,1.0,False,
2018-03-13 09:42:00,HCC,0.025,,0.0022,False,,False,,,,,,,False,,False,,,,,,,,False,,,,,,,,,False,,,,,,,False,,,False,,,False,,False,,False,,Aluminium Sulphate,20.9,2018,3,Autumn,0.0228,91.2,1.0555173278498313,1.0,False,
2018-04-17 12:27:00,HCC,0.022,,0.002,False,,False,7.6,,,,,,False,0.9,False,312.0,6.9,,,,0.026,0.0053,False,,3.2,,,0.19,,,,False,40.9,0.065,0.00064,,0.21,0.05,False,,,False,,,False,,False,,False,,Aluminium Sulphate,19.5,2018,4,Autumn,0.019999999999999997,90.9090909090909,1.0413926851582251,1.0,False,
2018-05-15 15:25:00,HCC,0.0169,,0.0014,False,,False,,,,,,,False,,False,,,,,,,,False,,,,,,,,,False,,,,,,,False,,,False,,,False,,False,,False,,Aluminium Sulphate,17.0,2018,5,Autumn,0.015499999999999998,91.71597633136095,1.0817586689354355,1.0,False,
2018-06-12 12:24:00,HCC,0.0158,,0.0007778174593052023,True,,False,,,,,,,False,,False,767.0,,,,,,,False,,,,,,,,,False,,,,,,,False,,,False,,,False,,False,,False,,Aluminium Sulphate,15.0,2018,6,Winter,0.0150221825406948,95.07710468794176,1.3077793996281881,1.0,False,
2018-07-17 11:36:00,HCC,0.013,,0.0007778174593052023,True,,False,7.3,26.0,13.8,106.0,,0.8,False,1.6,False,,6.6,6.4,2.7,2.5,0.021,0.0089,False,3.0,3.0,14.2,14.2,,12.5,2.8,0.001414213562373095,True,35.5,0.16,0.00042,0.186,0.29,0.09,False,0.055,0.00024,False,0.56,0.014142135623730949,True,0.014,False,,False,,Aluminium Sulphate,14.1,2018,7,Winter,0.012222182540694798,94.01678877457536,1.2230656649806022,1.0,False,
2018-08-07 15:46:00,HCC,0.0162,,0.0007778174593052023,True,,False,,,,,,,False,,False,1670.0,,,,,,,False,,,,,,,,,False,,,,,,,False,,,False,,,False,,False,,False,,Aluminium Sulphate,12.0,2018,8,Winter,0.015422182540694798,95.19865765860986,1.3186373272163965,1.0,False,
2018-09-04 08:13:00,HCC,0.0159,,0.0007778174593052023,True,,False,,,,,,,False,,False,3051.0,,,,,,,False,,,,,,,,,False,,,,,,,False,,,False,,,False,,False,,False,,Aluminium Sulphate,11.1,2018,9,Spring,0.0151221825406948,95.10806629367798,1.310519436994217,1.0,False,
2018-10-02 14:00:00,HCC,0.0165,,0.0012,False,,False,,,,,,,False,,False,23828.0,,,,,,,False,,,,,,,,,False,,,,,,,False,,,False,,,False,,False,,False,,Aluminium Sulphate,13.5,2018,10,Spring,0.015300000000000001,92.72727272727272,1.1383026981662816,1.0,False,
2018-10-23 13:49:00,HCC,0.0176,,0.0013,False,,False,7.7,,,,,,False,0.9,False,,6.7,,,,0.032,0.0014,False,,2.8,,,,,,,False,40.6,0.059,0.00049,,0.158,0.04,False,,,False,,,False,,False,,False,,Aluminium Sulphate,17.1,2018,10,Spring,0.016300000000000002,92.61363636363636,1.1315693155073132,1.0,False,
2018-11-06 09:28:00,HCC,0.0195,,0.0013,False,,False,,,,,,,False,,False,4723.0,,,,,,,False,,,,,,,,,False,38.3,,,,,,False,,,False,,,False,,False,,False,,Aluminium Sulphate,16.3,2018,11,Spring,0.0182,93.33333333333334,1.1760912590556813,1.0,False,
2018-12-04 13:47:00,HCC,0.027,,0.002,False,,False,,,,,,,False,,False,1768.0,,,,,,,False,,,,,,,,,False,40.1,,,,,,False,,,False,,,False,,False,,False,,Aluminium Sulphate,16.1,2018,12,Summer,0.025,92.5925925925926,1.130333768495006,1.0,False,
2019-01-08 09:51:00,HCC,0.024,,0.0019,False,,False,,,,,,,False,,False,2282.0,,,,,,,False,,,,,,,,,False,39.2,,,,,,False,,,False,,,False,,False,,False,,Aluminium Sulphate,19.8,2019,1,Summer,0.0221,92.08333333333333,1.101457640758777,1.0,False,
2019-01-22 13:14:00,HCC,0.024,,0.0023,False,,False,7.3,,,,,,False,,False,1886.0,,,,,,,False,,,,,,,,,False,38.2,,,,,,False,,,False,,,False,0.016,False,,False,,Aluminium Sulphate,21.0,2019,1,Summer,0.0217,90.41666666666666,1.018483405694013,1.0,False,
2019-02-05 13:57:00,HCC,0.028,,0.0035,False,,False,,,,,,,False,,False,1849.0,,,,,,,False,,,,,,,,,False,41.6,,,,,,False,,,False,,,False,,False,,False,,Aluminium Sulphate,,2019,2,Summer,0.0245,87.5,0.9030899869919435,1.0,False,
2019-03-05 09:18:00,HCC,0.029,,0.003,False,,False,,,,,,,False,,False,1542.0,,,,,,,False,,,,,,,,,False,42.3,,,,,,False,,,False,,,False,,False,,False,,Aluminium Sulphate,22.5,2019,3,Autumn,0.026000000000000002,89.6551724137931,0.9852767431792936,1.0,False,
2019-04-02 11:52:00,HCC,0.03,,0.0026,False,,False,7.6,,,,,,False,2.5,False,1013.0,7.1,,,,0.173,0.0034,False,,3.6,,,,,,,False,41.3,0.26,0.00074,,1.12,0.06,False,,,False,,,False,,False,,False,,Aluminium Sulphate,21.1,2019,4,Autumn,0.0274,91.33333333333334,1.0621479067488444,1.0,False,
2019-05-07 11:00:00,HCC,0.021,,0.0016,False,,False,,,,,,,False,,False,914.0,,,,,,,False,,,,,,,,,False,,,,,,,False,,,False,,,False,,False,,False,,Aluminium Sulphate,18.4,2019,5,Autumn,0.0194,92.38095238095238,1.1180993120779945,1.0,False,
2019-06-04 13:15:51,HCC,0.021,,0.0015,False,,False,,,,,,,False,,False,1199.0,,,,,,,False,,,,,,,,,False,,,,,,,False,,,False,,,False,,False,,False,,Aluminium Sulphate,13.6,2019,6,Winter,0.0195,92.85714285714285,1.146128035678238,1.0,False,
2019-07-09 09:50:00,HCC,0.0178,,0.0007778174593052023,True,,False,7.5,,15.3,124.0,,1.6,False,2.5,False,,,6.9,,2.9,0.021,0.0034,False,,3.3,,18.8,0.18,14.6,8.9,0.035355339059327376,True,40.7,0.086,0.00066,0.23,0.21,0.07,False,0.079,0.00036,False,0.45,0.003,False,0.018,False,,False,,Aluminium Sulphate,11.6,2019,7,Winter,0.017022182540694798,95.63023899266742,1.3595423149826595,1.0,False,
2019-08-13 12:25:00,HCC,0.018,,0.0007778174593052023,True,,False,,,,,,,False,,False,,,,,,,,False,,,,,,,,,False,,,,,,,False,,,False,,,False,,False,,False,,Aluminium Sulphate,12.1,2019,8,Winter,0.017222182540694797,95.67879189274888,1.3643948177770715,1.0,False,
2019-09-03 15:57:00,HCC,0.0141,,0.0007778174593052023,True,,False,,,,,,,False,,False,3753.0,,,,,,,False,,,,,,,,,False,36.7,,,,,,False,,,False,,,False,,False,,False,,Aluminium Sulphate,12.4,2019,9,Spring,0.013322182540694798,94.48356411840282,1.2583414253291454,1.0,False,
2019-10-08 09:32:00,HCC,0.0162,,0.0011,False,,False,7.8,,,,,,False,2.6,False,3553.0,6.7,,,,0.032,0.0059,False,,2.9,,,,,,,False,39.4,0.09,0.00048,,0.26,0.05,False,,,False,,,False,,False,,False,,Aluminium Sulphate,13.8,2019,10,Spring,0.015099999999999999,93.20987654320987,1.1681223293844059,1.0,False,
2019-11-05 11:46:00,HCC,0.019,,0.0014,False,,False,,,,,,,False,,False,2659.0,,,,,,,False,,,,,,,,,False,,,,,,,False,,,False,,,False,,False,,False,,Aluminium Sulphate,15.2,2019,11,Spring,0.0176,92.63157894736842,1.132625565274591,1.0,False,
2019-12-03 08:16:00,HCC,0.023,,0.0017,False,,False,,,,,,,False,,False,3860.0,,,,,,,False,,,,,,,,,False,40.2,,,,,,False,,,False,,,False,,False,,False,,Aluminium Sulphate,17.2,2019,12,Summer,0.0213,92.6086956521739,1.131278914639319,1.0,False,
2020-01-07 10:08:48,HCC,0.021,,0.00205,False,,False,7.6,,14.0,108.0,,1.8,False,2.4,False,1306.0,,6.02,,2.5,,0.0007,False,,3.02,,17.1,0.163,13.79,7.87,0.035355339059327376,True,40.2,0.0393,0.00051,0.216,0.144,0.039,False,0.0738,0.0004,False,0.263,0.0073,False,,False,,False,,Aluminium Sulphate,20.6,2020,1,Summer,0.01895,90.23809523809524,1.0104654336781649,1.0,False,
2020-02-04 10:06:00,HCC,0.025,,0.00288,False,,False,,,,,,,False,,False,1367.0,,,,,,,False,,,,,,,,,False,43.3,,,,,,False,,,False,,,False,,False,,False,,Aluminium Sulphate,22.0,2020,2,Summer,0.02212,88.48,0.9385475209128068,1.0,False,
2020-03-03 11:22:00,HCC,0.025,,0.00283,False,,False,,,,,,,False,,False,3393.0,,,,,,,False,,,,,,,,,False,47.3,,,,,,False,,,False,,,False,,False,,False,,Aluminium Sulphate,24.6,2020,3,Autumn,0.022170000000000002,88.67999999999999,0.9461535731477474,1.0,False,
2020-04-07 12:27:00,HCC,0.023,,0.00216,False,,False,,,,,,,False,,False,158.0,,,,,,,False,,,,,,,,,False,,,,,,,False,,,False,,,False,,False,,False,,Aluminium Sulphate,19.0,2020,4,Autumn,0.02084,90.60869565217392,1.027274084866662,1.0,False,
2020-05-12 11:09:00,HCC,0.022,,0.00144,False,,False,7.3,28.6,,170.0,,,False,2.8,False,1371.0,6.63,,2.92,,0.0922,0.00088,False,,3.45,20.4,,0.175,16.6,8.74,,False,42.6,0.156,0.00071,,0.462,0.048,False,,0.00046,False,0.391,0.0031,False,,False,,False,,Aluminium Sulphate,17.0,2020,5,Autumn,0.02056,93.45454545454547,1.1840601887269566,1.0,False,
2020-06-09 08:27:00,HCC,0.024,,0.00113,False,,False,,,,,,,False,,False,914.0,,,,,,,False,,,,,,,,,False,42.8,,,,,,False,,,False,,,False,,False,,False,,Aluminium Sulphate,13.2,2020,6,Winter,0.02287,95.29166666666666,1.3271327982281864,1.0,False,
2020-07-07 09:11:00,HCC,0.0173,,0.0007778174593052023,True,,False,7.3,28.3,15.0,123.0,,0.35355339059327373,True,0.9,False,,6.45,6.6,2.83,2.86,0.0261,0.00472,False,3.14,3.21,18.6,18.8,0.153,15.7,8.44,0.035355339059327376,True,39.2,0.117,0.00048,0.238,0.277,0.064,False,0.082,0.00052,False,0.457,0.001414213562373095,True,0.0070710678118654745,True,,False,,Aluminium Sulphate,13.6,2020,7,Winter,0.016522182540694798,95.50394532193526,1.347168415802561,1.0,False,
2020-08-04 09:19:00,HCC,0.0195,,0.0007778174593052023,True,,False,,,,,,,False,,False,468.0,,,,,,,False,,,,,,,,,False,36.5,,,,,,False,,,False,,,False,,False,,False,,Aluminium Sulphate,13.4,2020,8,Winter,0.0187221825406948,96.01119251638359,1.3991569240362836,1.0,False,
2020-09-08 11:12:00,HCC,0.0282,,0.0007778174593052023,True,,False,,,,,,,False,,False,4498.0,,,,,,,False,,,,,,,,,False,39.5,,,,,,False,,,False,,,False,,False,,False,,Aluminium Sulphate,14.0,2020,9,Spring,0.027422182540694798,97.24178205920141,1.5593714209931266,1.0,False,
2020-10-13 11:00:00,HCC,0.0159,,0.00122,False,,False,7.6,,,,,,False,2.3,False,2716.0,6.2,,,,0.0201,0.00035355339059327376,True,,2.93,,,0.173,,,,False,37.1,0.038,0.00044,,0.152,0.037,False,,,False,,,False,,False,,False,,Aluminium Sulphate,15.0,2020,10,Spring,0.01468,92.32704402515722,1.1150372936457034,1.0,False,
2020-11-03 09:00:00,HCC,0.0195,,0.0016,False,,False,,,,,,,False,,False,6741.0,,,,,,,False,,,,,,,,,False,41.0,,,,,,False,,,False,,,False,,False,,False,,Aluminium Sulphate,17.7,2020,11,Spring,0.0179,91.7948717948718,1.0859146287065933,1.0,False,
2020-12-01 09:05:00,HCC,0.0241,,0.00584,False,,False,,,,,,,False,,False,984.0,,,,,,,False,,,,,,,,,False,40.6,,,,,,False,,,False,,,False,,False,,False,,Aluminium Sulphate,18.5,2020,12,Summer,0.01826,75.76763485477179,0.6156041954624689,1.0,False,
2021-01-19 08:42:00,HCC,0.0248,,0.0026,False,,False,7.6,25.1,14.7,73.0,,1.2,False,1.7,False,2322.0,6.65,6.0,2.74,2.45,0.0337,0.00035355339059327376,True,3.01,3.01,17.4,17.5,0.189,14.08,7.46,0.035355339059327376,True,40.3,0.036,0.00056,0.23,0.128,0.022,False,0.0744,0.00037,False,0.163,0.0096,False,0.0070710678118654745,True,,False,,Aluminium Sulphate,22.5,2021,1,Summer,0.022199999999999998,89.51612903225806,0.9794783328553983,1.0,False,
2021-02-02 13:52:00,HCC,0.035,,0.00343,False,,False,,,,,,,False,,False,683.0,,,,,,,False,,,,,,,,,False,43.2,,,,,,False,,,False,,,False,,False,,False,,Aluminium Sulphate,24.6,2021,2,Summer,0.03157,90.19999999999999,1.0087739243075051,1.0,False,
2021-02-18 09:11:00,HCC,0.028,,0.00327,False,,False,,,,,,,False,,False,,,,,,,,False,,,,,,,,,False,,,,,,,False,,,False,,,False,,False,,False,,Aluminium Sulphate,,2021,2,Summer,0.024730000000000002,88.32142857142858,0.9326102786819331,1.0,False,
2021-03-02 13:35:00,HCC,0.0238,,0.00259,False,,False,,,,,,,False,,False,1479.0,,,,,,,False,,,,,,,,,False,44.9,,,,,,False,,,False,,,False,,False,,False,,Aluminium Sulphate,23.0,2021,3,Autumn,0.021210000000000003,89.11764705882354,0.9632771929752603,1.0,False,
2021-04-20 11:54:09,HCC,0.0149,,0.00226,False,,False,7.4,31.1,,130.0,,,False,1.9,False,1915.0,7.26,,3.15,,0.618,0.00059,False,,3.37,19.5,,0.211,16.1,8.34,,False,41.9,0.81,0.0007,,2.07,0.028,False,,0.0004,False,0.28,0.0034,False,0.019,False,,False,,Aluminium Sulphate,17.2,2021,4,Autumn,0.01264,84.83221476510067,0.8190778292648732,1.0,False,
2021-05-04 12:34:00,HCC,0.0209,,0.00197,False,,False,,,,,,,False,,False,443.0,,,,,,,False,,,,,,,,,False,43.4,,,,,,False,,,False,,,False,,False,,False,,Aluminium Sulphate,17.0,2021,5,Autumn,0.01893,90.57416267942584,1.025680059949461,1.0,False,
2021-06-01 12:37:00,HCC,0.0264,,0.00161,False,,False,,,,,,,False,,False,907.0,,,,,,,False,,,,,,,,,False,42.0,,,,,,False,,,False,,,False,,False,,False,,Aluminium Sulphate,13.6,2021,6,Winter,0.02479,93.90151515151516,1.2147780508379813,1.0,False,
2021-07-13 08:40:00,HCC,0.0172,,0.0007778174593052023,True,,False,6.8,27.3,15.7,118.0,,2.7,False,3.0,False,,6.3,6.22,2.96,2.86,0.021,0.00613,False,3.49,3.48,20.4,20.3,0.189,16.0,8.22,0.035355339059327376,True,38.0,0.074,0.00064,0.0185,0.208,0.076,False,0.086,0.00037,False,0.535,0.0036,False,0.0192,False,,False,,Aluminium Sulphate,10.8,2021,7,Winter,0.0164221825406948,95.47780546915581,1.3446507595813144,1.0,False,
2021-08-10 09:10:00,HCC,0.0162,,0.0007778174593052023,True,,False,,,,,,,False,,False,1447.0,,,,,,,False,,,,,,,,,False,37.5,,,,,,False,,,False,,,False,,False,,False,,Aluminium Sulphate,11.4,2021,8,Winter,0.015422182540694798,95.19865765860986,1.3186373272163965,1.0,False,
2021-09-14 11:35:29,HCC,0.0157,,0.0007778174593052023,True,,False,,,,,,,False,,False,3861.0,,,,,,,False,,,,,,,,,False,40.5,,,,,,False,,,False,,,False,,False,,False,,Aluminium Sulphate,14.0,2021,9,Spring,0.014922182540694797,95.04574866684585,1.3050219650829993,1.0,False,
2021-10-19 11:57:00,HCC,0.0185,,0.00151,False,,False,7.4,30.1,,125.0,,,False,3.2,False,,7.7,,2.63,,0.0961,0.00303,False,,3.42,18.2,,0.281,16.1,11.26,,False,39.1,0.138,0.00049,,0.452,0.078,False,,0.00023,False,0.42,0.0029,False,0.0335,False,,False,,Aluminium Sulphate,16.8,2021,10,Spring,0.016989999999999998,91.83783783783784,1.0881947811098442,1.0,False,
2021-11-02 08:47:00,HCC,0.024,,0.00159,False,,False,,,,,,,False,,False,1330.0,,,,,,,False,,,,,,,,,False,,,,,,,False,,,False,,,False,,False,,False,,Aluminium Sulphate,17.8,2021,11,Spring,0.02241,93.375,1.1788141173911546,1.0,False,
2021-12-21 12:55:00,HCC,0.027,,0.00203,False,,False,,,,,,,False,,False,,,,,,,,False,,,,,,,,,False,,,,,,,False,,,False,,,False,,False,,False,,Aluminium Sulphate,21.8,2021,12,Summer,0.02497,92.48148148148148,1.1238677262457744,1.0,False,
2022-01-11 15:57:00,HCC,0.0295,,0.0022,False,,False,7.5,27.0,14.3,117.0,,1.6,False,3.1,False,784.0,6.21,6.24,2.88,2.78,0.174,0.00035355339059327376,True,2.96,2.85,17.5,16.9,0.172,14.38,8.33,0.035355339059327376,True,41.1,0.261,0.00049,0.219,0.78,0.026,False,0.0691,0.00032,False,0.268,0.0043,False,0.025,False,,False,,Aluminium Sulphate,22.1,2022,1,Summer,0.027299999999999998,92.54237288135593,1.1273993351559568,1.0,False,
2022-02-08 13:15:00,HCC,0.076,,0.00269,False,,False,,,,,,,False,,False,2399.0,,,,,,,False,,,,,,,,,False,,,,,,,False,,,False,,,False,,False,,False,,Aluminium Sulphate,24.2,2022,2,Summer,0.07331,96.46052631578948,1.4510613122783833,1.0,False,
2022-03-08 12:15:00,HCC,0.032,,0.0026,False,,False,,,,,,,False,,False,6121.0,,,,,,,False,,,,,,,,,False,,,,,,,False,,,False,,,False,,False,,False,,Aluminium Sulphate,23.9,2022,3,Autumn,0.029400000000000003,91.87500000000001,1.090176630349088,1.0,False,
2022-04-05 09:30:00,HCC,0.044,,0.00179,False,,False,,,,,,,False,,False,14399.0,,,,,,,False,,,,,,,,,False,44.9,,,,,,False,,,False,,,False,,False,,False,,Aluminium Sulphate,21.1,2022,4,Autumn,0.04221,95.93181818181819,1.3905996455062943,1.0,False,
2022-04-26 09:57:00,HCC,0.023,,0.00149,False,,False,,,,,,,False,,False,,,,,,,,False,,,,,,,,,False,,,,,,,False,,,False,,,False,,False,,False,,Aluminium Sulphate,18.5,2022,4,Autumn,0.02151,93.5217391304348,1.1885415676053188,1.0,False,
2022-05-03 09:40:00,HCC,0.022,,0.00138,False,,False,,,,,,,False,,False,27441.0,,,,,,,False,,,,,,,,,False,43.5,,,,,,False,,,False,,,False,,False,,False,,Aluminium Sulphate,19.2,2022,5,Autumn,0.02062,93.72727272727272,1.2025435944209697,1.0,False,
2022-06-07 08:00:00,HCC,0.0173,,0.0007778174593052023,True,,False,,,,,,,False,,False,3327.0,,,,,,,False,,,,,,,,,False,,,,,,,False,,,False,,,False,,False,,False,,Aluminium Sulphate,16.2,2022,6,Winter,0.016522182540694798,95.50394532193526,1.347168415802561,1.0,False,
2022-06-14 12:05:00,HCC,0.0229,,0.0007778174593052023,True,,False,7.0,30.1,,122.0,,,False,4.1,False,,7.08,,3.02,,0.254,0.00212,False,,3.46,17.2,,0.184,14.58,9.12,,False,36.9,1.16,0.0005,,3.71,0.118,False,,0.00023,False,0.673,0.0033,False,0.0119,False,,False,,Aluminium Sulphate,14.3,2022,6,Winter,0.0221221825406948,96.60341720827422,1.4689577950136536,1.0,False,
2022-07-12 16:07:00,HCC,0.0181,,0.0007778174593052023,True,,False,7.3,29.5,15.2,131.0,,2.3,False,5.3,False,,,6.88,,2.98,0.118,0.00184,False,,3.58,,16.3,0.169,14.31,10.87,0.035355339059327376,True,35.2,0.627,0.00053,0.201,1.06,0.1,False,0.0665,0.00034,False,0.74,0.0035,False,0.0304,False,,False,,Aluminium Sulphate,15.3,2022,7,Winter,0.0173221825406948,95.7026659706895,1.36680088754295,1.0,False,
2022-08-02 10:08:00,HCC,0.0166,,0.0007778174593052023,True,,False,,,,,,,False,,False,2880.0,,,,,,,False,,,,,,,,,False,34.5,,,,,,False,,,False,,,False,,False,,False,,Aluminium Sulphate,12.8,2022,8,Winter,0.0158221825406948,95.31435265478794,1.3292304007138207,1.0,False,
2022-09-13 10:14:00,HCC,0.0172,,0.0007778174593052023,True,,False,,,,,,,False,,False,5983.0,,,,,,,False,,,,,,,,,False,30.4,,,,,,False,,,False,,,False,,False,,False,,Aluminium Sulphate,13.8,2022,9,Spring,0.0164221825406948,95.47780546915581,1.3446507595813144,1.0,False,
2022-10-11 08:26:00,HCC,0.0126,,0.0007778174593052023,True,,False,7.3,26.2,,93.0,,,False,2.4,False,2458.0,6.16,,2.62,,0.0192,0.00203,False,,2.61,13.16,,0.131,9.98,6.39,,False,32.4,0.102,0.00034,,0.207,0.058,False,,0.00021,False,0.567,0.0022,False,0.0070710678118654745,True,,False,,Aluminium Sulphate,15.5,2022,10,Spring,0.011822182540694798,93.82684556106983,1.2094928577913284,1.0,False,
2022-11-08 09:33:00,HCC,0.0149,,0.00113,False,,False,,,,,,,False,,False,2692.0,,,,,,,False,,,,,,,,,False,38.2,,,,,,False,,,False,,,False,,False,,False,,Aluminium Sulphate,18.4,2022,11,Spring,0.013770000000000001,92.41610738255034,1.1201078249288543,1.0,False,
2022-11-24 12:01:00,HCC,0.0172,,,False,,False,7.7,27.4,14.1,131.0,,2.4,False,3.6,False,,,6.61,2.76,2.65,0.0258,0.00283,False,,3.27,,16.3,0.169,12.51,8.12,0.035355339059327376,True,37.4,0.148,0.00046,0.196,0.303,0.089,False,0.0584,0.00027,False,0.47,0.0051,False,0.0156,False,,False,,Aluminium Sulphate,19.9,2022,11,Spring,,,,,False,
2022-12-06 09:11:00,HCC,0.026,,0.00117,False,,False,,,,,,,False,,False,3049.0,,,,,,,False,,,,,,,,,False,36.5,,,,,,False,,,False,,,False,,False,,False,,Aluminium Sulphate,17.4,2022,12,Summer,0.024829999999999998,95.49999999999999,1.3467874862246563,1.0,False,
2023-01-17 12:21:42,HCC,0.0169,,0.0012,False,,False,7.5,28.0,13.6,108.0,,2.1,False,2.9,False,1277.0,,,,,,,False,,,,,,,,,False,37.5,,,,,,False,,,False,,,False,,False,,False,,Aluminium Sulphate,23.2,2023,1,Summer,0.0157,92.89940828402366,1.1487054585660488,1.0,False,
2023-02-01 10:38:22,HCC,0.0159,,0.0007778174593052023,True,,False,7.4,27.0,14.5,82.0,,2.1,False,3.6,False,,6.2,,2.7,,0.056,,False,,,,,,,,,False,36.0,0.16,,,0.34,,False,,,False,0.42,0.005,False,,False,,False,,Aluminium Sulphate,24.0,2023,2,Summer,0.0151221825406948,95.10806629367798,1.310519436994217,1.0,False,
2023-03-21 09:54:00,HCC,0.017,,0.0015,False,,False,7.6,28.0,14.3,101.0,,0.6,False,3.3,False,1444.0,6.5,,2.8,,0.0174,,False,,,,,0.16,,,,False,39.0,0.038,,,0.155,,False,,,False,0.49,0.005,False,,False,,False,,Aluminium Sulphate,20.8,2023,3,Autumn,0.015500000000000002,91.1764705882353,1.0543576623225928,1.0,False,
2023-04-18 16:13:57,HCC,0.0174,,0.0013,False,,False,7.4,28.0,14.1,125.0,,0.7,False,5.7,False,,6.7,,2.7,,0.0174,0.0006,False,3.2,3.2,17.2,,0.17,13.3,7.3,,False,40.0,0.041,0.00048,0.2,0.165,0.05,False,0.067,0.00026,False,0.47,0.003,False,0.0070710678118654745,True,,False,,Aluminium Sulphate,19.0,2023,4,Autumn,0.0161,92.52873563218391,1.126605895975763,1.0,False,
2023-05-10 07:37:00,HCC,0.016,,0.0012,False,,False,,,,,,,False,,False,,,,,,0.06,,False,,,,,,,,,False,,0.62,,,,,False,,,False,0.65,0.008,False,,False,,False,,Aluminium Sulphate,17.8,2023,5,Autumn,0.0148,92.5,1.1249387366083,1.0,False,
2023-05-15 12:18:18,HCC,0.0157,,0.0007778174593052023,True,,False,7.5,26.0,13.2,86.0,,1.5,False,1.9,False,436.0,6.1,,2.6,,0.0192,,False,,,,,0.15,,,,False,34.0,0.099,,,0.21,,False,,,False,0.59,0.006,False,,False,,False,,Aluminium Sulphate,16.9,2023,5,Autumn,0.014922182540694797,95.04574866684585,1.3050219650829993,1.0,False,
2023-06-06 15:40:23,HCC,0.0154,,0.0007778174593052023,True,,False,7.5,28.0,13.2,111.0,,1.2,False,3.4,False,559.0,6.5,,2.8,,0.024,,False,,,,,0.016,,,,False,36.0,0.097,,,0.27,,False,,,False,0.51,0.002,False,,False,,False,,Aluminium Sulphate,15.2,2023,6,Winter,0.014622182540694799,94.94923727723895,1.2966430335102286,1.0,False,
2023-07-04 13:08:00,HCC,0.015,,0.0007778174593052023,True,,False,7.4,29.0,14.1,110.0,,1.0,False,2.9,False,,6.7,,2.9,,0.034,0.0073,False,3.3,3.1,15.8,15.9,0.15,13.3,8.0,0.001414213562373095,True,35.0,0.24,0.00042,0.181,0.46,0.11,False,0.056,0.00024,False,0.58,0.004,False,0.012,False,,False,,Aluminium Sulphate,13.4,2023,7,Winter,0.014222182540694798,94.81455027129866,1.2852135717294468,1.0,False,
2023-08-01 09:56:29,HCC,0.0163,,0.0007778174593052023,True,,False,7.7,29.0,14.0,112.0,,0.5,False,1.3,False,,6.7,,2.9,,0.02,,False,,,,,0.17,,,,False,38.0,0.055,,,0.25,,False,,,False,0.61,0.003,False,,False,,False,,Aluminium Sulphate,16.7,2023,8,Winter,0.015522182540694797,95.22811374659386,1.3213099170777234,1.0,False,
2023-09-05 08:45:35,HCC,0.0143,,0.0012,False,,False,7.5,28.0,14.4,113.0,,0.35355339059327373,True,0.7,False,,6.5,,2.8,,0.014,,False,,,,,0.16,,,,False,39.0,0.044,,,0.169,,False,,,False,0.44,0.001414213562373095,True,,False,,False,,Aluminium Sulphate,15.2,2023,9,Spring,0.0131,91.60839160839161,1.076154791417437,1.0,False,
2023-09-25 11:42:00,HCC,0.0137,,0.0013,False,,False,7.7,28.0,16.1,110.0,,1.2,False,2.1,False,,6.5,,2.9,,0.03,,False,,,,,0.15,,,,False,38.0,0.134,,,0.33,,False,,,False,0.44,0.004,False,,False,,False,,Aluminium Sulphate,18.3,2023,9,Spring,0.012400000000000001,90.5109489051095,1.02277721484957,1.0,False,
2023-10-12 09:53:00,HCC,0.0148,,0.0007778174593052023,True,,False,7.8,26.0,14.6,81.0,,0.8,False,1.6,False,2810.0,6.0,,2.6,,0.028,0.0007,False,3.2,3.3,16.9,,0.15,14.4,7.8,,False,37.0,0.085,0.00043,0.195,0.197,0.06,False,0.064,0.00014849242404917497,True,0.55,0.004,False,0.0070710678118654745,True,,False,,Aluminium Sulphate,18.3,2023,10,Spring,0.014022182540694799,94.7444766263162,1.279384028068723,1.0,False,
2023-10-27 13:16:00,HCC,0.0195,,,False,,False,7.7,27.0,14.8,121.0,,2.0,False,2.4,False,,6.2,,2.8,,0.039,,False,,,,,0.18,,,,False,39.0,0.063,,,0.23,,False,,,False,0.58,0.008,False,,False,,False,,Aluminium Sulphate,18.9,2023,10,Spring,,,,,False,
2023-11-08 07:57:00,HCC,0.0187,,0.0014,False,,False,7.6,28.0,15.2,113.0,,2.1,False,2.0,False,1426.0,6.4,,2.8,,0.032,,False,,,,,0.26,,,,False,41.0,0.041,,,0.182,,False,,,False,0.49,0.005,False,,False,,False,,Aluminium Sulphate,22.5,2023,11,Spring,0.017300000000000003,92.51336898395722,1.125713570858261,1.0,False,
2023-11-21 08:08:00,HCC,0.0195,,,False,,False,7.8,29.0,15.2,122.0,,2.3,False,2.7,False,1588.0,6.6,,3.0,,0.033,,False,,,,,0.17,,,,False,40.0,0.045,,,0.22,,False,,,False,0.49,0.007,False,,False,,False,,Aluminium Sulphate,21.0,2023,11,Spring,,,,,False,
2023-12-05 09:04:23,HCC,0.021,,0.0019,False,,False,7.5,27.0,14.5,113.0,,1.2,False,1.8,False,5691.0,6.1,,2.8,,0.113,,False,,,,,0.17,,,,False,38.0,0.153,,,0.51,,False,,,False,0.42,0.005,False,,False,,False,,Aluminium Sulphate,20.0,2023,12,Summer,0.019100000000000002,90.95238095238095,1.0434656937810904,1.0,False,
2023-12-12 09:11:55,HCC,0.0191,,0.0021,False,,False,7.4,27.0,15.2,113.0,,1.9,False,1.9,False,,6.2,,2.7,,0.021,,False,,,,,0.18,,,,False,40.0,0.153,,,0.153,,False,,,False,0.4,0.008,False,,False,,False,,Aluminium Sulphate,19.7,2023,12,Summer,0.016999999999999998,89.00523560209423,0.9588140725138082,1.0,False,
2024-01-16 08:27:00,HCC,0.0184,,0.0019,False,,False,7.3,25.0,14.6,117.0,,2.1,False,2.6,False,,5.8,,2.6,,0.0145,0.0018,False,3.1,3.2,17.8,18.1,0.17,14.3,6.4,0.001414213562373095,True,39.0,0.032,0.00045,0.21,0.121,0.05,False,0.07,0.00039,False,0.36,0.004,False,0.022,False,,False,,Aluminium Sulphate,27.4,2024,1,Summer,0.0165,89.67391304347827,0.9860642220567075,1.0,False,
2024-02-13 11:18:00,HCC,0.022,,0.002,False,,False,7.7,26.0,14.6,116.0,,1.8,False,1.3,False,221.0,6.0,,2.8,,0.0169,,False,,,,,0.18,,,,False,27.0,0.029,,,0.109,,False,,,False,0.29,0.006,False,,False,,False,,Aluminium Sulphate,24.8,2024,2,Summer,0.019999999999999997,90.9090909090909,1.0413926851582251,1.0,False,
2024-03-22 08:07:57,HCC,0.022,,0.0017,False,,False,7.6,27.0,14.7,111.0,,1.6,False,1.6,False,194.0,6.2,,2.8,,0.0162,,False,,,,,0.18,,,,False,41.0,0.039,,,0.116,,False,,,False,0.37,0.004,False,,False,,False,,Aluminium Sulphate,19.1,2024,3,Autumn,0.0203,92.27272727272727,1.1119737594439323,1.0,False,
2024-04-02 09:07:00,HCC,0.021,,0.0022,False,,False,7.0,27.0,15.3,104.0,,0.9,False,1.2,False,651.0,6.1,,2.9,,0.0164,,False,,,,,0.18,,,,False,41.0,0.029,,,0.105,,False,,,False,0.35,0.001414213562373095,True,,False,,False,,Aluminium Sulphate,18.9,2024,4,Autumn,0.0188,89.52380952380952,0.979796613911713,1.0,False,
2024-07-04 13:17:35,HCC,0.0156,,0.0007778174593052023,True,,False,7.4,24.0,14.9,128.0,,1.4,False,2.0,False,,5.8,6.3,2.4,2.7,0.0131,0.0036,False,,,,,0.17,,2.0,,False,40.0,0.038,,,0.147,0.07,False,,,False,0.49,0.003,False,0.021,False,0.02,False,0.031,Aluminium Sulphate,11.7,2024,7,Winter,0.014822182540694798,95.01399064547947,1.302246911028227,1.0,False,
2024-07-11 10:53:00,HCC,0.0158,,0.0007778174593052023,True,,False,7.3,27.0,15.2,113.0,,0.35355339059327373,True,1.8,False,,6.1,,2.8,,0.0142,0.0053,False,3.1,3.3,18.7,19.2,0.18,14.3,8.0,0.001414213562373095,True,38.0,0.037,0.00052,0.22,0.135,0.06,False,0.073,0.00041,False,0.49,0.003,False,0.02,False,,False,,Aluminium Sulphate,14.0,2024,7,Winter,0.0150221825406948,95.07710468794176,1.3077793996281881,1.0,False,
2024-08-07 15:05:00,HCC,0.0146,,0.0007778174593052023,True,,False,7.3,28.0,14.4,136.0,,1.4,False,1.7,False,981.0,6.4,6.7,2.8,2.9,0.012,0.0046,False,,,,,,,,,False,39.0,0.043,,,0.136,0.05,False,,,False,0.44,0.003,False,0.0070710678118654745,True,0.019,False,0.028,Aluminium Sulphate,11.6,2024,8,Winter,0.013822182540694799,94.67248315544383,1.2734751684582026,1.0,False,
2024-10-04 14:02:00,HCC,0.0161,,0.0007778174593052023,True,,False,7.6,27.0,15.6,96.0,,2.4,False,2.9,False,3366.0,6.1,,2.9,,0.024,0.001,False,3.7,3.6,22.0,,0.18,16.5,8.2,,False,38.0,0.085,0.00063,0.24,0.27,0.07,False,0.085,0.0004,False,0.56,0.005,False,0.016,False,,False,,Aluminium Sulphate,13.5,2024,10,Spring,0.015322182540694798,95.16883565648942,1.3159481887056153,1.0,False,
2024-11-05 09:21:00,HCC,0.0175,,0.002,False,,False,7.5,26.0,15.7,123.0,,2.1,False,2.6,False,753.0,5.7,5.9,2.8,2.9,0.034,0.0018,False,,,,,0.18,,,,False,,0.06,,,0.23,0.07,False,,,False,0.43,0.006,False,0.035,False,,False,,Aluminium Sulphate,18.4,2024,11,Spring,0.015500000000000002,88.57142857142858,0.9420080530223133,1.0,False,
2024-11-22 07:34:00,HCC,0.023,,0.0134,False,,False,,,,,,,False,,False,,,,,,,,False,,,,,,,,,False,,,,,,,False,,,False,,,False,,False,,False,,Aluminium Sulphate,,2024,11,Spring,0.0096,41.73913043478261,0.23462303765278522,0.0,False,
2024-11-26 09:31:00,HCC,0.0228,,0.01273,False,,False,7.6,,,,,,False,,False,1508.0,,,,,,,False,,,,,0.167,,,,False,,,,,,,False,,,False,,,False,,False,,False,,Aluminium Sulphate,20.7,2024,11,Spring,0.01007,44.16666666666667,0.2531064433467984,0.0,False,
2024-11-26 17:15:00,HCC,0.023,,0.013,False,,False,,,,,,,False,,False,,,,,,,,False,,,,,,,,,False,,0.045,,,,,False,,,False,,,False,,False,,False,,Aluminium Sulphate,,2024,11,Spring,0.01,43.47826086956522,0.24778448371075615,0.0,False,
2024-11-27 14:54:00,HCC,0.025,,0.0123,False,,False,,,,,,,False,,False,,,,,,,,False,,,,,,,,,False,,,,,,,False,,,False,,,False,,False,,False,,Aluminium Sulphate,,2024,11,Spring,0.012700000000000001,50.8,0.3080348972326397,0.0,False,
2024-11-28 14:25:00,HCC,0.023,0.023,0.0129,False,0.0136,False,,,,,,,False,,False,,5.6,,2.8,,0.031,,False,3.5,,19.9,,,,,,False,,0.065,0.00071,0.24,0.176,,False,0.086,0.00041,False,,,False,,False,,False,,Aluminium Sulphate,,2024,11,Spring,0.0101,43.91304347826087,0.25113812571834393,0.0,False,
2024-11-29 08:49:00,HCC,0.024,0.022,0.0121,False,0.0121,False,7.5,25.0,,,,,False,,False,,5.5,,2.6,,0.034,0.0035,False,3.3,3.4,20.0,21.0,,,,,False,39.0,0.049,0.00057,0.24,0.176,0.07,False,0.082,0.00039,False,,,False,,False,,False,,Aluminium Sulphate,,2024,11,Spring,0.0119,49.58333333333334,0.29742587139515597,0.0,False,
2024-11-29 11:37:00,HCC,0.023,0.021,0.0116,False,0.0118,False,,,,,,,False,,False,,,,,,,,False,,,,,,,,,False,,,,,,,False,,,False,,,False,,False,,False,,Aluminium Sulphate,,2024,11,Spring,0.0114,49.56521739130435,0.2972698467906744,0.0,False,
2024-11-30 10:33:00,HCC,0.023,0.023,0.011,False,0.0116,False,,,,,,,False,,False,,,,,,,,False,,,,,,,,,False,,,,,,,False,,,False,,,False,,False,,False,,Aluminium Sulphate / ACH,,2024,11,Spring,0.012,52.17391304347826,0.3203351508593678,0.0,False,
2024-12-01 10:42:00,HCC,0.023,0.022,0.0105,False,0.0114,False,,,,,,,False,,False,,,,,,,,False,,,,,,,,,False,,,,,,,False,,,False,,,False,,False,,False,,Aluminium Sulphate / ACH,,2024,12,Summer,0.012499999999999999,54.34782608695652,0.34053853694765474,0.0,False,
2024-12-02 20:29:00,HCC,0.022,0.023,0.0092,False,0.0111,False,,,,,,,False,,False,,,,,,,,False,,,,,,,,,False,,,,,,,False,,,False,,,False,,False,,False,,Aluminium Sulphate / ACH,,2024,12,Summer,0.012799999999999999,58.18181818181817,0.37863485347665093,1.0,False,
2024-12-03 13:08:00,HCC,0.023,0.021,0.0065,False,0.0071,False,7.3,,15.3,127.0,,,False,,False,965.0,,,,,,,False,,,,,0.17,16.5,8.2,0.001414213562373095,True,40.0,,,,,,False,,,False,0.34,0.006,False,0.029,False,,False,,Aluminium Sulphate / ACH,20.8,2024,12,Summer,0.0165,71.73913043478261,0.5488144793747374,1.0,False,
2024-12-04 13:10:00,HCC,0.023,0.021,0.006,False,0.0051,False,,,,,,,False,,False,,,,,,,,False,,,,,,,,,False,,,,,,,False,,,False,,,False,,False,,False,,Aluminium Sulphate / ACH,,2024,12,Summer,0.017,73.91304347826087,0.5835765856339492,1.0,False,
2024-12-05 15:39:00,HCC,0.022,0.021,0.0058,False,0.0051,False,,,,,,,False,,False,,,,,,,,False,,,,,,,,,False,,,,,,,False,,,False,,,False,,False,,False,,Aluminium Sulphate / ACH,,2024,12,Summer,0.0162,73.63636363636364,0.578994687259269,1.0,False,
2024-12-06 13:20:00,HCC,0.022,0.021,0.005,False,0.0049,False,,,,,,,False,,False,,,,,,,,False,,,,,,,,,False,,,,,,,False,,,False,,,False,,False,,False,,Aluminium Sulphate / ACH,,2024,12,Summer,0.016999999999999998,77.27272727272727,0.6434526764861874,1.0,False,
2024-12-09 15:26:00,HCC,0.022,0.021,0.0037,False,0.0037,False,,,,,,,False,,False,,,,,,,,False,,,,,,,,,False,,,,,,,False,,,False,,,False,,False,,False,,Aluminium Sulphate / ACH,,2024,12,Summer,0.018299999999999997,83.18181818181817,0.7742209567552112,1.0,False,
2024-12-11 11:12:41,HCC,,,0.0039,False,0.0035,False,7.4,,,,,,False,,False,,,,,,,,False,,,,,,,,,False,,,,,,,False,,,False,,,False,,False,,False,,Aluminium Sulphate / ACH,21.9,2024,12,Summer,,,,1.0,False,
2024-12-13 09:58:00,HCC,,,0.005,False,0.0053,False,,,,,,,False,,False,,,,,,,,False,,,,,,,,,False,,,,,,,False,,,False,,,False,,False,,False,,Aluminium Sulphate / ACH,,2024,12,Summer,,,,1.0,False,
2024-12-16 13:01:00,HCC,,,0.0047,False,0.0052,False,,,,,,,False,,False,,,,,,,,False,,,,,,,,,False,,,,,,,False,,,False,,,False,,False,,False,,Aluminium Sulphate / ACH,,2024,12,Summer,,,,1.0,False,
2024-12-18 07:25:39,HCC,0.022,,0.008,False,,False,7.8,26.0,14.6,107.0,,2.9,False,2.9,False,1565.0,5.7,5.9,2.8,2.9,0.028,0.0014,False,,,,,0.19,,,,False,40.0,0.06,,,0.164,0.06,False,,,False,0.078,0.001414213562373095,True,0.0070710678118654745,True,0.00282842712474619,True,0.067,Aluminium Sulphate / ACH,21.4,2024,12,Summer,0.013999999999999999,63.63636363636363,0.43933269383026263,1.0,False,
2024-12-19 09:25:00,HCC,,,0.0046,False,0.005,False,,,,,,,False,,False,977.0,,,,,,,False,,,,,,,,,False,,,,,,,False,,,False,,,False,,False,,False,,Aluminium Sulphate / ACH,23.3,2024,12,Summer,,,,1.0,False,
2024-12-23 08:59:00,HCC,0.021,0.0198,0.0049,False,0.005,False,,,,,,,False,,False,610.0,,,,,,,False,,,,,,,,,False,,,,,,,False,,,False,,,False,,False,,False,,Aluminium Sulphate / ACH,23.2,2024,12,Summer,0.016100000000000003,76.66666666666667,0.6320232147054057,1.0,False,
2024-12-27 08:16:33,HCC,,,0.0048,False,0.005,False,7.8,,,,,,False,,False,654.0,,,,,,,False,,,,,,,,,False,,,,,,,False,,,False,,,False,,False,,False,,Aluminium Sulphate / ACH,26.2,2024,12,Summer,,,,1.0,False,
2024-12-30 08:06:23,HCC,,,0.005,False,0.0053,False,,,,,,,False,,False,960.0,,,,,,,False,,,,,,,,,False,,,,,,,False,,,False,,,False,,False,,False,,Aluminium Sulphate / ACH,20.6,2024,12,Summer,,,,1.0,False,
2025-01-08 11:41:00,HCC,0.023,0.021,0.0035,False,0.0031,False,,,,,,,False,,False,,,,,,,,False,,,,,,,,,False,,,,,,,False,,,False,,,False,,False,,False,,Aluminium Sulphate / ACH,,2025,1,Summer,0.0195,84.78260869565217,0.8176597916673173,1.0,False,
2025-01-14 15:42:11,HCC,0.023,,0.0048,False,0.005,False,7.7,24.0,15.1,125.0,,1.3,False,2.5,False,306.0,5.0,,2.7,,0.023,0.0008,False,3.2,3.2,19.8,19.8,0.19,15.7,7.6,0.001414213562373095,True,40.0,0.033,0.00055,0.23,0.109,0.03,False,0.083,0.00026,False,0.177,0.008,False,0.023,False,,False,,Aluminium Sulphate / ACH,25.5,2025,1,Summer,0.0182,79.1304347826087,0.6804865986420057,1.0,False,
2025-01-21 10:41:00,HCC,0.025,0.025,0.0035,False,0.0034,False,7.5,,,,,,False,,False,,,,,,,,False,,,,,,,,,False,,,,,,,False,,,False,,,False,,False,,False,,Aluminium Sulphate / ACH,22.5,2025,1,Summer,0.021500000000000002,86.00000000000001,0.853871964321762,1.0,False,
2025-01-28 12:00:00,HCC,,,0.0051,False,0.0051,False,7.4,,,,,,False,,False,289.0,,,,,,,False,,,,,,,,,False,,,,,,,False,,,False,,,False,,False,,False,,Aluminium Sulphate / ACH,23.1,2025,1,Summer,,,,1.0,False,
2025-02-04 13:33:00,HCC,0.024,0.021,0.0049,False,0.0047,False,7.2,,,,,,False,,False,857.0,,,,,,,False,,,,,0.178,,,,False,,,,,,,False,,,False,,,False,,False,,False,,Aluminium Sulphate / ACH,23.6,2025,2,Summer,0.0191,79.58333333333333,0.6900151616830924,1.0,False,
2025-02-13 09:48:00,HCC,0.023,0.022,0.0035,False,0.0031,False,7.3,,,,,,False,,False,2286.0,,,,,,,False,,,,,0.186,,,,False,,,,,,,False,,,False,,,False,,False,,False,,Aluminium Sulphate / ACH,22.9,2025,2,Summer,0.0195,84.78260869565217,0.8176597916673173,1.0,False,
2025-02-18 11:10:00,HCC,0.024,0.024,0.0028,False,0.0031,False,7.5,25.0,15.0,112.0,,1.5,False,1.9,False,727.0,5.1,5.1,,2.9,0.0152,0.0014,False,,,,,0.18,,,,False,41.0,0.023,,,0.104,0.04,False,,,False,0.25,0.01,False,0.037,False,0.014,False,0.031,Aluminium Sulphate / ACH,23.0,2025,2,Summer,0.0212,88.33333333333334,0.9330532103693868,1.0,False,
2025-02-25 12:18:54,HCC,0.024,0.024,0.0027,False,0.0028,False,7.6,,,,,,False,,False,2472.0,,,,,,,False,,,,,0.194,,,,False,,,,,,,False,,,False,,,False,,False,,False,,Aluminium Sulphate / ACH,25.3,2025,2,Summer,0.0213,88.75,0.9488474775526188,1.0,False,
2025-03-04 11:06:00,HCC,0.025,0.023,0.0023,False,0.0021,False,7.5,25.0,15.0,95.0,,0.8,False,1.5,False,807.0,5.2,,3.0,,0.021,0.0014,False,3.1,3.1,20.0,,0.18,15.1,7.5,,False,41.0,0.028,0.00043,0.24,0.114,0.04,False,0.073,0.00041,False,0.23,0.011,False,0.03,False,,False,,Aluminium Sulphate / ACH,22.8,2025,3,Autumn,0.0227,90.8,1.0362121726544447,1.0,False,
2025-03-11 09:03:00,HCC,,,0.002,False,0.002,False,7.6,,,,,,False,,False,333.0,,,,,,,False,,,,,,,,,False,,,,,,,False,,,False,,,False,,False,,False,,Aluminium Sulphate / ACH,21.3,2025,3,Autumn,,,,1.0,False,
2025-03-20 08:46:52,HCC,0.023,0.023,0.0022,False,0.0022,False,7.5,,,,,,False,,False,500.0,,,,,,,False,,,,,0.134,,,,False,,,,,,,False,,,False,,,False,,False,,False,,Aluminium Sulphate / ACH,21.3,2025,3,Autumn,0.0208,90.43478260869566,1.0193051551953867,1.0,False,
2025-03-25 11:54:00,HCC,,,0.0024,False,0.0022,False,7.7,,,,,,False,,False,661.0,,,,,,,False,,,,,,,,,False,,,,,,,False,,,False,,,False,,False,,False,,Aluminium Sulphate / ACH,22.1,2025,3,Autumn,,,,1.0,False,
2025-03-28 15:54:00,HCC,0.023,0.022,0.0019,False,0.0021,False,,,,,,,False,,False,,,,,,,,False,,,,,,,,,False,,,,,,,False,,,False,,,False,,False,,False,,Aluminium Sulphate / ACH,,2025,3,Autumn,0.0211,91.73913043478261,1.082974235064764,1.0,False,
2025-03-29 13:44:00,HCC,,,0.0021,False,0.0021,False,,,,,,,False,,False,,,,,,,,False,,,,,,,,,False,,,,,,,False,,,False,,,False,,False,,False,,Aluminium Sulphate / ACH,,2025,3,Autumn,,,,1.0,False,
2025-03-30 13:45:00,HCC,,,0.0021,False,0.002,False,,,,,,,False,,False,,,,,,,,False,,,,,,,,,False,,,,,,,False,,,False,,,False,,False,,False,,Aluminium Sulphate / ACH,,2025,3,Autumn,,,,1.0,False,
2025-03-31 08:45:00,HCC,,,0.0022,False,0.002,False,,,,,,,False,,False,,,,,,,,False,,,,,,,,,False,,,,,,,False,,,False,,,False,,False,,False,,Aluminium Sulphate / ACH,,2025,3,Autumn,,,,1.0,False,
2025-04-01 08:48:05,HCC,0.023,0.022,0.0023,False,0.0019,False,7.6,,,,,,False,,False,756.0,,,,,,,False,,,,,0.187,,,,False,,,,,,,False,,,False,,,False,,False,,False,,Aluminium Sulphate / ACH,21.7,2025,4,Autumn,0.0207,90.0,1.0,1.0,False,
2025-04-08 13:32:58,HCC,0.023,0.022,0.0024,False,0.0022,False,7.2,25.0,15.1,115.0,,1.0,False,1.5,False,452.0,5.5,,2.8,,0.024,0.001,False,3.0,3.2,18.8,,0.2,14.7,7.4,,False,41.0,0.035,0.0005,0.22,0.126,0.03,False,0.075,0.00038,False,0.28,0.005,False,0.022,False,,False,,Aluminium Sulphate / ACH,21.2,2025,4,Autumn,0.0206,89.56521739130436,0.9815165943059869,1.0,False,
2025-04-15 14:43:00,HCC,0.022,0.02,0.002,False,0.0022,False,7.6,,,,,,False,,False,3221.0,,,,,,,False,,,,,0.194,,,,False,,,,,,,False,,,False,,,False,,False,,False,,Aluminium Sulphate / ACH,20.1,2025,4,Autumn,0.019999999999999997,90.9090909090909,1.0413926851582251,1.0,False,
2025-04-22 10:25:10,HCC,0.021,0.0196,0.0022,False,0.0021,False,7.6,,,,,,False,,False,1743.0,,,,,,,False,,,,,0.234,,,,False,,,,,,,False,,,False,,,False,,False,,False,,Aluminium Sulphate / ACH,20.8,2025,4,Autumn,0.0188,89.52380952380952,0.979796613911713,1.0,False,
2025-04-29 08:01:29,HCC,0.022,0.0192,0.0023,False,0.0022,False,7.5,,,,,,False,,False,1266.0,,,,,,,False,,,,,0.175,,,,False,,,,,,,False,,,False,,,False,,False,,False,,Aluminium Sulphate / ACH,19.5,2025,4,Autumn,0.0197,89.54545454545455,0.9806948448046133,1.0,False,
2025-05-08 10:41:00,HCC,0.021,0.019,0.0032,False,0.0031,False,7.5,31.0,15.0,141.0,,0.9,False,1.6,False,284.0,6.7,5.6,,2.9,0.0134,0.0031,False,,,,,0.19,,,,False,40.0,0.033,,,0.125,0.06,False,,,False,0.43,0.004,False,0.016,False,0.019,False,0.023,Aluminium Sulphate / ACH,18.6,2025,5,Autumn,0.0178,84.76190476190476,0.8170693164140133,1.0,False,
2025-05-13 07:57:32,HCC,0.0195,0.0195,0.002,False,0.0021,False,7.4,,,,,,False,,False,,,,,,,,False,,,,,0.194,,,,False,,,,,,,False,,,False,,,False,,False,,False,,Aluminium Sulphate / ACH,16.4,2025,5,Autumn,0.0175,89.74358974358975,0.9890046156985368,1.0,False,
2025-05-22 16:21:00,HCC,0.0189,0.0193,0.002,False,0.002,False,7.5,,,,,,False,,False,462.0,,,,,,,False,,,,,0.218,,,,False,,,,,,,False,,,False,,,False,,False,,False,,Aluminium Sulphate / ACH,14.4,2025,5,Autumn,0.0169,89.41798941798942,0.9754318085092629,1.0,False,
2025-05-28 16:23:00,HCC,0.0185,0.0185,0.0018,False,0.0019,False,7.6,,,,,,False,,False,,,,,,,,False,,,,,0.198,,,,False,,,,,,,False,,,False,,,False,,False,,False,,Aluminium Sulphate / ACH,17.5,2025,5,Autumn,0.0167,90.27027027027027,1.0118992232997077,1.0,False,
2025-06-06 15:10:28,,0.0191,,0.0013,False,0.0015,False,7.4,26.0,15.9,124.0,,2.4,False,2.5,False,1617.0,5.8,6.0,,3.0,2.8,0.0092,False,,,,,0.19,,,,False,39.0,0.033,,,0.26,0.1,False,,,False,0.68,0.007,False,0.012,False,0.023,False,0.033,Aluminium Sulphate / ACH,15.7,2025,6,Winter,0.0178,93.19371727748691,1.1670900149408907,1.0,False,
2025-06-12 00:00:00,,,,,False,,False,,,,,,,False,,False,1913.0,,,,,,,False,,,,,,,,,False,,,,,,,False,,,False,0.75,0.006,False,,False,,False,,Aluminium Sulphate / ACH,16.1,2025,6,Winter,,,,,False,
2025-06-13 15:54:00,,0.0162,0.0158,0.0014,False,0.0014,False,7.4,,,,,,False,,False,,,,,,,,False,,,,,0.173,,,,False,,,,,,,False,,,False,,,False,,False,,False,,Aluminium Sulphate / ACH,17.8,2025,6,Winter,0.014799999999999999,91.35802469135803,1.0633869788643928,1.0,False,
2025-06-17 13:12:00,,0.0165,0.014,0.0014,False,0.0011,False,7.5,,,,,,False,,False,,,,,,,,False,,,,,0.148,,,,False,,,,,,,False,,,False,,,False,,False,,False,,Aluminium Sulphate / ACH,15.3,2025,6,Winter,0.0151,91.51515151515152,1.0713559085356683,1.0,False,
2025-06-25 13:02:00,,0.0173,0.017,0.0013,False,0.0014,False,7.5,,,,,,False,,False,,,,,,,,False,,,,,0.167,,,,False,,,,,,,False,,,False,,,False,,False,,False,,Aluminium Sulphate / ACH,14.3,2025,6,Winter,0.016,92.48554913294798,1.1241027508219588,1.0,False,
2025-07-01 15:24:00,,0.0164,,0.0014,False,0.0012,False,7.0,26.0,15.2,126.0,,2.3,False,2.4,False,,6.1,,2.6,,0.021,0.0068,False,3.4,3.5,18.3,,0.19,15.1,9.4,,False,37.0,0.083,0.0006,0.22,0.21,0.09,False,0.076,0.00032,False,0.63,0.009,False,0.011,False,,False,,Aluminium Sulphate / ACH,15.0,2025,7,Winter,0.015000000000000001,91.46341463414635,1.06871581236946,1.0,False,
2025-07-09 16:19:00,,0.0137,0.0139,0.0013,False,0.0012,False,7.4,,,,,,False,,False,408.0,,,,,,,False,,,,,0.144,,,,False,,,,,,,False,,,False,,,False,,False,,False,,Aluminium Sulphate / ACH,13.7,2025,7,Winter,0.012400000000000001,90.5109489051095,1.02277721484957,1.0,False,
2025-07-15 13:56:00,,0.0139,0.0121,0.0007778174593052023,True,0.0007071067811865475,True,7.4,,,,,,False,,False,,,,,,,,False,,,,,0.142,,,,False,,,,,,,False,,,False,,,False,,False,,False,,Aluminium Sulphate / ACH,14.0,2025,7,Winter,0.013122182540694798,94.40419094025034,1.2521371129278607,1.0,False,
2025-07-23 14:56:00,,0.0145,0.0138,0.0019,False,0.0019,False,7.7,,,,,,False,,False,,,,,,,,False,,,,,0.151,,,,False,,,,,,,False,,,False,,,False,,False,,False,,Aluminium Sulphate / ACH,14.4,2025,7,Winter,0.0126,86.89655172413792,0.882614401282146,1.0,False,
2025-07-31 10:05:43,,0.0141,0.0128,0.0013,False,0.0015,False,7.7,,,,,,False,,False,,,,,,,,False,,,,,0.144,,,,False,,,,,,,False,,,False,,,False,,False,,False,,Aluminium Sulphate / ACH,13.7,2025,7,Winter,0.012799999999999999,90.78014184397162,1.0352757603485432,1.0,False,
2025-08-06 15:33:23,,0.0133,0.0142,0.002,False,0.0018,False,7.7,,,,,,False,,False,,,,,,,,False,,,,,0.141,,,,False,,,,,,,False,,,False,,,False,,False,,False,,Aluminium Sulphate / ACH,14.5,2025,8,Winter,0.0113,84.96240601503759,0.8228216453031045,1.0,False,
2025-08-14 10:57:00,,0.0161,0.0135,0.0017,False,0.0019,False,7.5,26.0,14.6,106.0,1.7,0.9,False,2.0,False,542.0,6.4,6.5,2.7,2.7,0.0123,0.0071,False,2.9,3.1,16.3,16.9,0.165,12.9,7.5,0.001414213562373095,True,36.0,0.043,0.00044,0.2,0.13,0.07,False,0.058,0.00014849242404917497,True,0.51,0.003,False,0.015,False,0.018,False,0.107,Aluminium Sulphate / ACH,14.3,2025,8,Winter,0.0144,89.44099378881987,0.9763769546535758,1.0,False,
2025-08-20 09:23:00,,0.0156,0.0149,0.0016,False,0.0014,False,7.6,,,,3.0,,False,,False,,,,,,,,False,,,,,0.173,,,,False,,,,,,,False,,,False,,,False,,False,,False,,Aluminium Sulphate / ACH,13.0,2025,8,Winter,0.013999999999999999,89.74358974358974,0.9890046156985367,1.0,False,
2025-08-27 11:02:00,,0.0159,0.015,0.0019,False,0.0021,False,7.6,,,,1.5,,False,,False,,,,,,,,False,,,,,0.154,,,,False,,,,,,,False,,,False,,,False,,False,,False,,Aluminium Sulphate / ACH,16.1,2025,8,Winter,0.014,88.0503144654088,0.9226435233676226,1.0,False,
2025-09-02 14:25:28,,0.0149,0.0141,0.0014,False,0.0014,False,7.6,27.0,14.3,115.0,1.4,0.35355339059327373,True,2.1,False,292.0,6.6,6.4,2.8,2.7,0.0154,0.0074,False,3.0,3.0,16.9,16.5,0.16,13.4,8.4,0.001414213562373095,True,37.0,0.069,0.00047,0.196,0.187,0.08,False,0.062,0.00035,False,0.52,0.003,False,0.012,False,0.015,False,0.025,Aluminium Sulphate / ACH,16.3,2025,9,Spring,0.0135,90.60402684563759,1.027058232734036,1.0,False,
2025-09-09 15:29:00,,0.0164,0.0148,0.0016,False,0.0016,False,7.5,,,,8.8,,False,,False,,,,,,,,False,,,,,0.164,,,,False,,,,,,,False,,,False,,,False,,False,,False,,Aluminium Sulphate / ACH,14.1,2025,9,Spring,0.0148,90.24390243902438,1.0107238653917732,1.0,False,
2025-09-17 09:44:00,,0.0123,0.0056,0.0012,False,0.0011,False,6.7,,,,1.2,,False,,False,,,,,,,,False,,,,,0.105,,,,False,,,,,,,False,,,False,,,False,,False,,False,,Aluminium Sulphate / ACH,14.0,2025,9,Spring,0.0111,90.2439024390244,1.0107238653917732,1.0,False,
2025-09-24 16:03:00,,0.0155,0.0144,0.0012,False,0.0012,False,8.1,,,,3.5,,False,,False,,,,,,,,False,,,,,0.136,,,,False,,,,,,,False,,,False,,,False,,False,,False,,Aluminium Sulphate / ACH,15.6,2025,9,Spring,0.0143,92.25806451612902,1.1111504521226667,1.0,False,
2025-10-02 12:43:16,,0.0146,0.0131,0.0015,False,0.0015,False,7.5,,,,2.3,,False,,False,656.0,,,,,,,False,,,,,0.12,,,,False,,,,,,,False,,,False,,,False,,False,,False,,Aluminium Sulphate / ACH,17.1,2025,10,Spring,0.0131,89.72602739726028,0.9882615967287558,1.0,False,
2025-10-07 13:56:03,,0.0147,0.0141,0.0012,False,0.0011,False,7.3,,,,2.7,,False,,False,,,,,,,,False,,,,,0.123,,,,False,,,,,,,False,,,False,,,False,,False,,False,,Aluminium Sulphate / ACH,17.0,2025,10,Spring,0.0135,91.83673469387756,1.0881360887005513,1.0,False,
2025-10-15 09:52:00,,0.0161,0.0152,0.0015,False,0.0014,False,7.5,25.0,14.4,112.0,3.2,2.8,False,3.4,False,,5.7,5.8,2.5,2.7,0.028,0.008,False,3.3,3.4,17.4,18.2,0.132,14.5,8.0,0.001414213562373095,True,35.0,0.23,0.00054,0.2,0.43,0.14,False,0.066,0.00035,False,,0.006,False,0.034,False,0.023,False,0.053,Aluminium Sulphate / ACH,16.9,2025,10,Spring,0.0146,90.6832298136646,1.0307346169761684,1.0,False,
2025-10-21 09:22:13,,0.0149,0.0133,0.0007778174593052023,True,0.001,False,7.6,,,,5.5,,False,,False,,,,,,,,False,,,,,0.103,,,,False,,,,,,,False,,,False,,,False,,False,,False,,Aluminium Sulphate / ACH,17.2,2025,10,Spring,0.014122182540694798,94.77974859526711,1.2823085810860395,1.0,False,
2025-10-28 09:32:53,,0.0156,0.0155,0.0014,False,0.0014,False,7.7,,,,4.3,,False,,False,,,,,,,,False,,,,,0.112,,,,False,,,,,,,False,,,False,,,False,,False,,False,,Aluminium Sulphate / ACH,18.0,2025,10,Spring,0.014199999999999999,91.02564102564102,1.0469965626762237,1.0,False,
2025-11-04 12:26:00,,0.0139,0.0133,0.0017,False,0.0015,False,7.3,25.0,13.1,108.0,4.3,2.1,False,2.3,False,733.0,5.8,5.8,2.4,2.6,0.0194,0.006,False,2.7,2.7,14.2,14.4,0.107,11.3,7.0,0.001414213562373095,True,35.0,0.087,0.00037,0.163,0.25,0.07,False,0.049,0.00039,False,0.43,0.004,False,0.014,False,0.013,False,0.031,Aluminium Sulphate / ACH,18.6,2025,11,Spring,0.012199999999999999,87.76978417266187,0.9125658788758211,1.0,False,
2025-11-12 06:17:53,,0.0146,0.0136,0.0015,False,0.0017,False,7.2,,,,2.4,,False,,False,,,,,,,,False,,,,,0.112,,,,False,,,,,,,False,,,False,,,False,,False,,False,,Aluminium Sulphate / ACH,18.6,2025,11,Spring,0.0131,89.72602739726028,0.9882615967287558,1.0,False,
2025-11-20 09:17:26,,0.0138,0.013,0.0007071067811865475,True,0.0012,False,7.3,,,,4.4,,False,,False,411.0,,,,,,,False,,,,,0.152,,,,False,,,,,,,False,,,False,,,False,,False,,False,,Aluminium Sulphate / ACH,21.6,2025,11,Spring,0.013092893218813453,94.8760378174888,1.290394084233227,1.0,False,
2025-11-26 09:07:00,,0.0164,0.015,0.0013,False,0.0013,False,7.5,,,,2.5,,False,,False,,,,,,,,False,,,,,0.149,,,,False,,,,,,,False,,,False,,,False,,False,,False,,Aluminium Sulphate / ACH,22.0,2025,11,Spring,0.015100000000000002,92.07317073170732,1.1009004957408612,1.0,False,
2025-12-03 00:00:00,,0.0181,0.0166,0.0016,False,0.0014,False,7.5,25.0,13.7,101.0,1.7,1.4,False,2.1,False,221.0,5.9,5.6,2.8,2.7,0.0146,0.0033,False,2.9,3.1,16.5,16.6,0.0169,13.0,7.4,0.001414213562373095,True,36.0,0.046,0.00046,0.197,0.161,0.07,False,0.062,0.00027,False,0.46,0.006,False,0.0070710678118654745,True,0.016,False,0.029,Aluminium Sulphate / ACH,,2025,12,Summer,0.0165,91.16022099447514,1.0535585922132598,1.0,False,
2025-12-10 00:00:00,,0.0167,0.0162,0.0013,False,0.0013,False,7.4,,,,1.7,,False,,False,,,,,,,,False,,,,,0.143,,,,False,36.7,,,,,,False,,,False,,,False,,False,,False,,,,2025,12,Summer,0.0154,92.21556886227545,1.1087731188407466,1.0,False,
2025-12-18 15:12:00,,0.0178,0.0172,0.0015,False,0.0016,False,7.2,,,,1.8,,False,,False,,,,,,,,False,,,,,0.136,,,,False,36.2,,,,,,False,,,False,,,False,,False,,False,,,,2025,12,Summer,0.0163,91.57303370786516,1.0743287432532127,1.0,False,
2025-12-22 09:37:00,,0.0186,0.0165,0.0019,False,0.0018,False,7.5,,,,2.1,,False,,False,,,,,,,,False,,,,,0.149,,,,False,36.4,,,,,,False,,,False,,,False,,False,,False,,,,2025,12,Summer,0.0167,89.78494623655914,0.9907593432650873,1.0,False,
2025-12-29 16:30:00,,0.0194,0.0178,0.0022,False,0.0021,False,7.6,,,,1.9,,False,,False,,,,,,,,False,,,,,0.139,,,,False,35.7,,,,,,False,,,False,,,False,,False,,False,,,,2025,12,Summer,0.0172,88.65979381443299,0.9453790491080198,1.0,False,
